id,name,description
GOV-01,"Security, Compliance & Resilience Program (SCRP)","Mechanisms exist to facilitate the implementation of security, compliance and resilience governance controls."
GOV-01.1,Steering Committee & Program Oversight,"Mechanisms exist to align security, compliance and resilience capabilities with business requirements through a steering committee or advisory board, comprised of key cybersecurity, data protection and business executives, which meets formally and on a regular basis."
GOV-01.2,Status Reporting To Governing Body,"Mechanisms exist to provide governance oversight reporting and recommendations to those entrusted to make executive decisions about matters considered material to the organization's Security, Compliance & Resilience Program (SCRP)."
GOV-01.3,Commitment To Continual Improvements,"Mechanisms exist to commit appropriate resources needed for continual improvement of the organization's Security, Compliance & Resilience Program (SCRP), including:
(1) Staffing;
(2) Budget;
(3) Processes; and
(4) Technologies."
GOV-01.4,Secure Practices Alignment Justification,"Mechanisms exist to align the organization’s Security, Compliance & Resilience Program (SCRP) with one or more industry-recognized frameworks that:
(1) Support external scrutiny; and
(2) Provide defensible justification for secure practices."
GOV-02,"Publishing Security, Compliance & Resilience Documentation","Mechanisms exist to establish, maintain and disseminate policies, standards and procedures necessary for secure, compliant and resilient capabilities."
GOV-02.1,Exception Management,"Mechanisms exist to prohibit exceptions to standards, except when the exception has been formally assessed for risk impact, approved and recorded."
GOV-03,"Periodic Review & Update of Security, Compliance & Resilience Program","Mechanisms exist to review the Security, Compliance & Resilience Program (SCRP), including policies, standards and procedures, at planned intervals or if significant changes occur to ensure their continuing suitability, adequacy and effectiveness."
GOV-04,"Assigned Security, Compliance & Resilience Responsibilities","Mechanisms exist to assign one or more qualified individuals with the mission and resources to centrally-manage, coordinate, develop, implement and maintain an enterprise-wide Security, Compliance & Resilience Program (SCRP)."
GOV-04.1,Stakeholder Accountability Structure,"Mechanisms exist to enforce an accountability structure so that appropriate teams and individuals are empowered, responsible and trained for mapping, measuring and managing Technology Assets, Applications, Services and/or Data (TAASD)-related risks."
GOV-04.2,Authoritative Chain of Command,"Mechanisms exist to establish an authoritative chain of command with clear lines of communication to remove ambiguity from individuals and teams related to managing Technology Assets, Applications, Services and/or Data (TAASD)-related risks."
GOV-05,Measures of Performance,"Mechanisms exist to develop, report and monitor Security, Compliance & Resilience Program (SCRP) measures of performance."
GOV-05.1,Key Performance Indicators (KPIs),"Mechanisms exist to develop, report and monitor Key Performance Indicators (KPIs) to assist organizational management in performance monitoring and trend analysis of the Security, Compliance & Resilience Program (SCRP)."
GOV-05.2,Key Risk Indicators (KRIs),"Mechanisms exist to develop, report and monitor Key Risk Indicators (KRIs) to assist senior management in performance monitoring and trend analysis of the Security, Compliance & Resilience Program (SCRP)."
GOV-06,Contacts With Authorities,Mechanisms exist to identify and document appropriate contacts with relevant law enforcement and regulatory bodies.
GOV-07,Contacts With Groups & Associations,"Mechanisms exist to establish contact with selected groups and associations within the security, compliance and resilience communities to:
(1) Facilitate ongoing cybersecurity and data protection education and training for organizational personnel;
(2) Maintain currency with recommended cybersecurity and data protection practices, techniques and technologies; and
(3) Share current cybersecurity and/or data protection-related information including threats, vulnerabilities and incidents."
GOV-08,Defining Business Context & Mission,Mechanisms exist to define the context of its business model and document the organization's mission.
GOV-09,Define Control Objectives,"Mechanisms exist to establish control objectives as the basis for the selection, implementation and management of the organization's internal security, compliance and resilience control system."
GOV-10,Data Governance,"Mechanisms exist to facilitate data governance to oversee the organization's policies, standards and procedures so that sensitive and/or regulated data is effectively managed and maintained in accordance with applicable statutory, regulatory and contractual obligations."
GOV-10.1,Data Catalog,Mechanisms exist to identify and catalog the organization's data holdings in a structured format to document each significant data asset.
GOV-11,Purpose Validation,"Mechanisms exist to monitor mission/business-critical Technology Assets, Applications and/or Services (TAAS) to ensure those resources are being used consistent with their intended purpose."
GOV-12,Forced Technology Transfer (FTT),"Mechanisms exist to avoid and/or constrain the forced exfiltration of sensitive and/or regulated information (e.g., Intellectual Property (IP)) to the host government for purposes of market access or market management practices."
GOV-13,State-Sponsored Espionage,"Mechanisms exist to constrain the host government's ability to leverage the organization's Technology Assets, Applications and/or Services (TAAS) for economic or political espionage and/or cyberwarfare activities."
GOV-14,"Business As Usual (BAU) Security, Compliance & Resilience Practices","Mechanisms exist to incorporate security, compliance and resilience principles into Business As Usual (BAU) practices through executive leadership involvement."
GOV-15,"Operationalizing Security, Compliance & Resilience Capabilities","Mechanisms exist to compel data and/or process owners to operationalize security, compliance and resilience practices for Technology Assets, Applications, Services and/or Data (TAASD) under their control."
GOV-15.1,Select Controls,"Mechanisms exist to compel data and/or process owners to select required security, compliance and resilience controls for Technology Assets, Applications, Services and/or Data (TAASD) under their control."
GOV-15.2,Implement Controls,"Mechanisms exist to compel data and/or process owners to implement required security, compliance and resilience controls for Technology Assets, Applications, Services and/or Data (TAASD) under their control."
GOV-15.3,Assess Controls,"Mechanisms exist to compel data and/or process owners to assess if required security, compliance and resilience controls for Technology Assets, Applications, Services and/or Data (TAASD) under their control are:
(1) Implemented correctly; and
(2) Operating as intended."
GOV-15.4,"Authorize Technology Assets, Applications and/or Services (TAAS)","Mechanisms exist to compel data and/or process owners to obtain authorization for the production use of each Technology Asset, Application and/or Service (TAAS) under their control."
GOV-15.5,Monitor Controls,"Mechanisms exist to compel data and/or process owners to monitor Technology Assets, Applications, Services and/or Data (TAASD) under their control on an ongoing basis for applicable threats and risks, as well as to ensure security, compliance and resilience controls are operating as intended."
GOV-16,Materiality Determination,Mechanisms exist to define materiality threshold criteria capable of designating an incident as material.
GOV-16.1,Material Risks,Mechanisms exist to define criteria necessary to designate a risk as a material risk.
GOV-16.2,Material Threats,Mechanisms exist to define criteria necessary to designate a threat as a material threat.
GOV-17,"Security, Compliance & Resilience Status Reporting","Mechanisms exist to submit status reporting of the organization's security, compliance and/or resilience program to applicable statutory and/or regulatory authorities, as required."
GOV-18,Quality Management System (QMS),"Mechanisms exist to govern a Quality Management System (QMS) to ensure security, compliance and resilience processes conform with applicable statutory, regulatory and/or contractual obligations."
GOV-19,Assurance,"Mechanisms exist to define the basis for confidence that implemented practices conform to applicable security, compliance and resilience controls, where the control implementation performs as intended."
GOV-19.1,Assurance Levels (AL),"Mechanisms exist to utilize defined Assurance Levels (AL) for assessment activities to standardize the following assurance attributes:
(1) Depth that addresses the rigor and level of detail of the assessment; and
(2) Coverage that addresses the scope and breadth of the assessment."
GOV-19.2,Assessment Objectives (AO),"Mechanisms exist to utilize defined Assessment Objectives (AO) to assess the implementation of requirements, when available."
GOV-19.3,"Security, Compliance & Resilince Outsourcing Limitations","Mechanisms exist to ensure organizations involved in developing, implementing and/or maintaining Technology Assets, Applications and/or Services (TAAS) provide assurance of internal oversight capabilities that demonstrate:
(1) Governance of internal controls;
(2) Risk management, including analysis and mitigation activities; and
(3) Compliance with applicable laws, regulations and contractual obligations."
GOV-20,"Mergers, Acquisitions & Divestitures (MA&D)","Mechanisms exist to define standardized practices to conduct Mergers, Acquisitions and Divestiture (MA&D) activities."
GOV-20.1,Virtual Data Room (VDR),"Mechanisms exist to provision a Virtual Data Room (VDR), or similar technology, to securely share documentation among stakeholders to conduct Mergers, Acquisitions and Divestiture (MA&D) activities."
GOV-21,High Value Assets (HVAs),"Mechanisms exist to identify and catalog the organization's High Value Assets (HVAs) (e.g.,  crown jewels), including defining:
(1) Criteria for high-value Intellectual Property (IP) to be categorized as a HVA;
(2) Criteria for Technology Assets, Applications and Services (TAAS) to be categorized as a HVA based on business process criticality or dependency relationships;
(3) Location of HVA Technology Assets, Applications, Services and/or Data (TAASD);
(4) Assigned owners;
(5) Minimum protection mechanisms that must be implemented; and
(6) Assurance requirements."
AAT-01,Artificial Intelligence (AI) & Autonomous Technologies Governance,"Mechanisms exist to ensure policies, processes, procedures and practices related to the mapping, measuring and managing of Artificial Intelligence (AI) and Autonomous Technologies (AAT)-related risks are in place, transparent and implemented effectively."
AAT-01.1,AI & Autonomous Technologies-Related Legal Requirements Definition,"Mechanisms exist to identify, understand, document and manage applicable statutory and regulatory requirements for Artificial Intelligence (AI) and Autonomous Technologies (AAT)."
AAT-01.2,Trustworthy AI & Autonomous Technologies,"Mechanisms exist to ensure Artificial Intelligence (AI) and Autonomous Technologies (AAT) are designed to be reliable, safe, fair, secure, resilient, transparent, explainable and data privacy-enhanced to minimize emergent properties or unintended consequences."
AAT-01.3,AI & Autonomous Technologies Value Sustainment,Mechanisms exist to sustain the value of deployed Artificial Intelligence (AI) and Autonomous Technologies (AAT).
AAT-01.4,AI Model & Agent Inventory & Lifecycle Management,"Mechanisms exist to track the lifecycle of all AI models and AI agents, including ownership, intended purpose and status across:
(1) Development;
(2) Deployment;
(3) Updates; and
(4) Decommissioning."
AAT-01.5,Artificial Intelligence and Autonomous Technologies (AAT) & AI Agent Categorization,"Mechanisms exist to assign defined classes to Artificial Intelligence and Autonomous Technologies (AAT) and AI agents based on their characteristics (e.g., intended use, autonomy, access, potential impact and risk) to determine applicable:
(1) Approval requirements;
(2) Security, compliance and/or resilience controls;
(3) Testing rigor;
(4) Monitoring requirements;
(5) Supporting documentation; and
(6) Oversight requirements."
AAT-02,Situational Awareness of AI & Autonomous Technologies,Mechanisms exist to develop and maintain an inventory of Artificial Intelligence (AI) and Autonomous Technologies (AAT) (internal and third-party).
AAT-02.1,AI & Autonomous Technologies Risk Mapping,"Mechanisms exist to identify Artificial Intelligence (AI) and Autonomous Technologies (AAT) in use and map those components to potential legal risks, including statutory and regulatory compliance requirements."
AAT-02.2,AI & Autonomous Technologies Internal Controls,"Mechanisms exist to identify and document internal security, compliance and resilience for Artificial Intelligence (AI) and Autonomous Technologies (AAT)."
AAT-02.3,Adequate Protections For AI & Autonomous Technologies,"Mechanisms exist to ensure Artificial Intelligence (AI) and Autonomous Technologies (AAT) include reasonable security, compliance and resilience protections that are commensurate with assessed risks and threats."
AAT-02.4,AI Threat Modeling & Risk Assessment,"Mechanisms exist to conduct Artificial Intelligence (AI) and Autonomous Technologies (AAT)-specific threat modeling and risk assessments to address the following criteria across the lifecycle of the AAT:
(1) Attack surfaces;
(2) Adversarial threats; and
(3) Abuse / misuse scenarios."
AAT-03,AI & Autonomous Technologies Context Definition,"Mechanisms exist to establish and document the context surrounding Artificial Intelligence (AI) and Autonomous Technologies (AAT), including:
(1) Intended purposes;
(2) Potentially beneficial uses;
(3) Context-specific laws and regulations;
(4) Norms and expectations; and
(5) Prospective settings in which the system(s) will be deployed."
AAT-03.1,AI & Autonomous Technologies Mission and Goals Definition,Mechanisms exist to define and document the organization's mission and defined goals for Artificial Intelligence (AI) and Autonomous Technologies (AAT).
AAT-03.2,Model & AI Agent Documentation,"Mechanisms exist to create, maintain and provide access to documentation artifacts for AI models and agents, including:
(1) Data lineage;
(2) Intended use; and
(3) Limitations."
AAT-04,AI & Autonomous Technologies Business Case,"Mechanisms exist to benchmark capabilities, targeted usage, goals and expected benefits and costs of Artificial Intelligence (AI) and Autonomous Technologies (AAT)."
AAT-04.1,AI & Autonomous Technologies Potential Benefits Analysis,Mechanisms exist to assess the potential benefits of proposed Artificial Intelligence (AI) and Autonomous Technologies (AAT).
AAT-04.2,AI & Autonomous Technologies Potential Costs Analysis,"Mechanisms exist to assess potential costs, including non-monetary costs, resulting from expected or realized Artificial Intelligence (AI) and Autonomous Technologies (AAT)-related errors or system functionality and trustworthiness."
AAT-04.3,AI & Autonomous Technologies Targeted Application Scope,Mechanisms exist to specify and document the targeted application scope of the proposed use and operation of Artificial Intelligence (AI) and Autonomous Technologies (AAT).
AAT-04.4,AI & Autonomous Technologies Cost / Benefit Mapping,"Mechanisms exist to map risks and benefits for all components of Artificial Intelligence (AI) and Autonomous Technologies (AAT), including third-party software and data."
AAT-05,AI & Autonomous Technologies Training,Mechanisms exist to ensure personnel and external stakeholders are provided with position-specific risk management training for Artificial Intelligence (AI) and Autonomous Technologies (AAT).
AAT-06,AI & Autonomous Technologies Fairness & Bias,"Mechanisms exist to prevent Artificial Intelligence (AI) and Autonomous Technologies (AAT) from unfairly identifying, profiling and/or statistically singling out a segmented population defined by race, religion, gender identity, national origin, religion, disability or any other politically-charged identifier."
AAT-07,AI & Autonomous Technologies Risk Management Decisions,"Mechanisms exist to leverage decision makers from a diversity of demographics, disciplines, experience, expertise and backgrounds for mapping, measuring and managing Artificial Intelligence (AI) and Autonomous Technologies (AAT)-related risks."
AAT-07.1,AI & Autonomous Technologies Impact Assessment,"Mechanisms exist to assess the impact(s) of proposed Artificial Intelligence (AI) and Autonomous Technologies (AAT) on individuals, groups, communities, organizations and society (e.g., Fundamental Rights Impact Assessment (FRIA))."
AAT-07.2,AI & Autonomous Technologies Likelihood & Impact Risk Analysis,Mechanisms exist to define the potential likelihood and impact of each identified risk based on expected use and past uses of Artificial Intelligence (AI) and Autonomous Technologies (AAT) in similar contexts.
AAT-07.3,AI & Autonomous Technologies Continuous Improvements,Mechanisms exist to continuously improve Artificial Intelligence (AI) and Autonomous Technologies (AAT) capabilities to maximize benefits and minimize negative impacts associated with AAT.
AAT-08,Assigned Responsibilities for AI & Autonomous Technologies,"Mechanisms exist to define and differentiate roles and responsibilities for:
(1) Artificial Intelligence (AI) and Autonomous Technologies (AAT) configurations; and
(2) Oversight of AAT systems."
AAT-09,AI & Autonomous Technologies Risk Profiling,"Mechanisms exist to document the risks and potential impacts of Artificial Intelligence (AI) and Autonomous Technologies (AAT) that are:
(1) Designed;
(2) Developed;
(3) Deployed;
(4) Evaluated; and/or
(5) Used."
AAT-09.1,AI & Autonomous Technologies High Risk Designations,"Mechanisms exist to designate Artificial Intelligence (AI) and Autonomous Technologies (AAT) ""High Risk"" if one (1), or more, of the following criteria are met:
(1) AAT is used as a safety component of a product or service;
(2) AAT poses a significant risk of harm to an individual's health, safety or fundamental rights; and/or
(3) AAT materially influences the outcome of an individual's decision making."
AAT-10,"Artificial Intelligence Test, Evaluation, Validation & Verification (AI TEVV)","Mechanisms exist to implement Artificial Intelligence Test, Evaluation, Validation & Verification (AI TEVV) practices to enable Artificial Intelligence (AI) and Autonomous Technologies (AAT)-related security, resilience and compliance-related conformity testing throughout the lifecycle of the AAT."
AAT-10.1,AI TEVV Trustworthiness Assessment,"Mechanisms exist to evaluate Artificial Intelligence (AI) and Autonomous Technologies (AAT) for trustworthy behavior and operation including security, anonymization and disaggregation of captured and stored data for approved purposes."
AAT-10.2,AI TEVV Tools,"Mechanisms exist to document test sets, metrics and details about the tools used during Artificial Intelligence Test, Evaluation, Validation & Verification (AI TEVV) practices."
AAT-10.3,AI TEVV Trustworthiness Demonstration,"Mechanisms exist to demonstrate the Artificial Intelligence (AI) and Autonomous Technologies (AAT) to be deployed are:
(1) Valid;
(2) Reliable; and
(3) Operate as intended, based on approved designs."
AAT-10.4,AI TEVV Safety Demonstration,"Mechanisms exist to demonstrate the Artificial Intelligence (AI) and Autonomous Technologies (AAT) to be deployed are safe, residual risk does not exceed the organization's risk tolerance and can fail safely, particularly if made to operate beyond its knowledge limits."
AAT-10.5,AI TEVV Security & Resiliency Assessment,Mechanisms exist to evaluate the security and resilience of Artificial Intelligence (AI) and Autonomous Technologies (AAT) to be deployed.
AAT-10.6,AI TEVV Transparency & Accountability Assessment,Mechanisms exist to examine risks associated with transparency and accountability of Artificial Intelligence (AI) and Autonomous Technologies (AAT) to be deployed.
AAT-10.7,AI TEVV Privacy Assessment,Mechanisms exist to examine the data privacy risk of Artificial Intelligence (AI) and Autonomous Technologies (AAT) to be deployed.
AAT-10.8,AI TEVV Fairness & Bias Assessment,Mechanisms exist to examine fairness and bias of Artificial Intelligence (AI) and Autonomous Technologies (AAT) to be deployed.
AAT-10.9,AI & Autonomous Technologies Model Validation,Mechanisms exist to validate the Artificial Intelligence (AI) and Autonomous Technologies (AAT) model.
AAT-10.10,AI TEVV Results Evaluation,"Mechanisms exist to evaluate the results of Artificial Intelligence Test, Evaluation, Validation & Verification (AI TEVV) to determine the viability of the proposed Artificial Intelligence (AI) and Autonomous Technologies (AAT)."
AAT-10.11,AI TEVV Effectiveness,"Mechanisms exist to evaluate the effectiveness of the processes utilized to perform Artificial Intelligence Test, Evaluation, Validation & Verification (AI TEVV)."
AAT-10.12,AI TEVV Comparable Deployment Settings,Mechanisms exist to evaluate Artificial Intelligence (AI) and Autonomous Technologies (AAT)-related performance or the assurance criteria demonstrated for conditions similar to deployment settings.
AAT-10.13,AI TEVV Post-Deployment Monitoring,Mechanisms exist to proactively and continuously monitor deployed Artificial Intelligence (AI) and Autonomous Technologies (AAT).
AAT-10.14,Updating AI & Autonomous Technologies,Mechanisms exist to integrate continual improvements for deployed Artificial Intelligence (AI) and Autonomous Technologies (AAT).
AAT-10.15,AI TEVV Reporting,"Mechanisms exist to report the status and results of Artificial Intelligence Test, Evaluation, Validation & Verification (AI TEVV) to relevant stakeholders, including governing bodies, as required."
AAT-10.16,AI TEVV Empirically Validated Methods,Mechanisms exist to evaluate claims of Artificial Intelligence (AI) and Autonomous Technologies (AAT) model capabilities using empirically validated methods.
AAT-10.17,AI TEVV Benchmarking Content Provenance,Mechanisms exist to benchmark the verifiable lineage and origin of content used by Artificial Intelligence (AI) and Autonomous Technologies (AAT) according to industry-recognized standards.
AAT-10.18,AI TEVV Model Collapse Mitigations,"Mechanisms exist to mitigate concerns of model collapse by:
(1) Assessing the proportion of synthetic to non-synthetic training data; and
(2) Verifying training data is not overly homogenous or Artificial Intelligence (AI) and Autonomous Technologies (AAT) system-produced."
AAT-10.19,AI TEVV Third-Party Risk Management,"Mechanisms exist to assess, approve and continuously monitor third-party Artificial Intelligence (AI) and Autonomous Technologies (AAT):
(1) Components;
(2) Application Programming Interfaces (APIs); and/or
(3) Services used by AI agents for security, privacy and compliance."
AAT-11,Robust Stakeholder Engagement for AI & Autonomous Technologies,"Mechanisms exist to compel ongoing engagement with relevant Artificial Intelligence (AI) and Autonomous Technologies (AAT) stakeholders to encourage feedback about positive, negative and unanticipated impacts."
AAT-11.1,AI & Autonomous Technologies Stakeholder Feedback Integration,"Mechanisms exist to regularly collect, consider, prioritize and integrate risk-related feedback from those external to the team that developed or deployed Artificial Intelligence (AI) and Autonomous Technologies (AAT)."
AAT-11.2,AI & Autonomous Technologies Ongoing Assessments,Mechanisms exist to conduct regular assessments of Artificial Intelligence (AI) and Autonomous Technologies (AAT) with independent assessors and stakeholders not involved in the development of the AAT.
AAT-11.3,AI & Autonomous Technologies End User Feedback,Mechanisms exist to collect and integrate feedback from end users and impacted communities into Artificial Intelligence (AI) and Autonomous Technologies (AAT)-related system evaluation metrics.
AAT-11.4,AI & Autonomous Technologies Incident & Error Reporting,"Mechanisms exist to communicate Artificial Intelligence (AI) and Autonomous Technologies (AAT)-related incidents and/or errors to relevant stakeholders, including affected communities."
AAT-12,AI & Autonomous Technologies Intellectual Property Infringement Protections,Mechanisms exist to prevent third-party Intellectual Property (IP) rights infringement by Artificial Intelligence (AI) and Autonomous Technologies (AAT).
AAT-12.1,Data Source Identification,Mechanisms exist to identify and document data sources utilized in the training and/or operation of Artificial Intelligence and Autonomous Technologies (AAT).
AAT-12.2,Data Source Integrity,"Mechanisms exist to protect the integrity of source data to prevent accidental contamination or malicious corruption (e.g., data poisoning) that could compromise the performance of Artificial Intelligence and Autonomous Technologies (AAT)."
AAT-12.3,Data Source Lineage & Origin Disclosure,"Mechanisms exist to ensure Artificial Intelligence and Autonomous Technologies (AAT) publicly disclose information with sufficient detail to assess:
(1) Content lineage; and
(2) The origin of data used by the AAT."
AAT-12.4,Digital Content Modification Logging,"Mechanisms exist to ensure Artificial Intelligence and Autonomous Technologies (AAT):
(1) Enable auditing of content modifications; and
(2) Generate event logs for content-related changes."
AAT-12.5,Training Data Source & Integrity,"Mechanisms exist to validate the reliability, accuracy and integrity of training data used by Artificial Intelligence and Autonomous Technologies (AAT)."
AAT-12.6,Prohibit Training,"Mechanisms exist to prohibit Artificial Intelligence and Autonomous Technologies (AAT) from training, fine-tuning and/or improving capabilities using organizational data without prior, explicit consent from applicable data owner(s)."
AAT-13,AI & Autonomous Technologies Stakeholder Diversity,"Mechanisms exist to ensure Artificial Intelligence (AI) and Autonomous Technologies (AAT) stakeholder competencies, skills and capacities incorporate demographic diversity, broad domain and user experience expertise."
AAT-13.1,AI & Autonomous Technologies Stakeholder Competencies,"Mechanisms exist to ensure Artificial Intelligence (AI) and Autonomous Technologies (AAT)-related operator and practitioner proficiency requirements for Artificial Intelligence (AI) and Autonomous Technologies (AAT) are defined, assessed and documented."
AAT-14,AI & Autonomous Technologies Requirements Definitions,Mechanisms exist to take socio-technical implications into account to address risks associated with Artificial Intelligence (AI) and Autonomous Technologies (AAT).
AAT-14.1,AI & Autonomous Technologies Implementation Tasks Definition,"Mechanisms exist to define the tasks that Artificial Intelligence (AI) and Autonomous Technologies (AAT) will support (e.g., classifiers, generative models, recommenders)."
AAT-14.2,AI & Autonomous Technologies Knowledge Limits,Mechanisms exist to identify and document knowledge limits of Artificial Intelligence (AI) and Autonomous Technologies (AAT) to provide sufficient information to assist relevant stakeholder decision making.
AAT-15,AI & Autonomous Technologies Viability Decisions,Mechanisms exist to define the criteria as to whether Artificial Intelligence (AI) and Autonomous Technologies (AAT) achieved intended purposes and stated objectives to determine whether its development or deployment should proceed.
AAT-15.1,AI & Autonomous Technologies Negative Residual Risks,"Mechanisms exist to identify and document negative, residual risks (defined as the sum of all unmitigated risks) to both downstream acquirers and end users of Artificial Intelligence (AI) and Autonomous Technologies (AAT)."
AAT-15.2,"Responsibility To Supersede, Deactivate and/or Disengage AI & Autonomous Technologies","Mechanisms exist to define the criteria and responsible party(ies) for superseding, disengaging or deactivating Artificial Intelligence (AI) and Autonomous Technologies (AAT) that demonstrate performance or outcomes inconsistent with intended use."
AAT-16,AI & Autonomous Technologies Production Monitoring,Mechanisms exist to monitor the functionality and behavior of the deployed Artificial Intelligence (AI) and Autonomous Technologies (AAT).
AAT-16.1,AI & Autonomous Technologies Measurement Approaches,"Mechanisms exist to measure Artificial Intelligence (AI) and Autonomous Technologies (AAT)-related risks to deployment context(s) through review and consultation with industry experts, domain specialists and end users."
AAT-16.2,Measuring AI & Autonomous Technologies Effectiveness,"Mechanisms exist to regularly assess the effectiveness of existing security, compliance and resilience controls, including reports of errors and potential impacts on affected communities."
AAT-16.3,Unmeasurable AI & Autonomous Technologies Risks,Mechanisms exist to identify and document unmeasurable risks or trustworthiness characteristics.
AAT-16.4,Efficacy of AI & Autonomous Technologies Measurement,Mechanisms exist to gather and assess feedback about the efficacy of Artificial Intelligence (AI) and Autonomous Technologies (AAT)-related measurements.
AAT-16.5,AI & Autonomous Technologies Domain Expert Reviews,"Mechanisms exist to utilize input from domain experts and relevant stakeholders to validate whether the Artificial Intelligence (AI) and Autonomous Technologies (AAT) perform consistently, as intended."
AAT-16.6,AI & Autonomous Technologies Performance Changes,Mechanisms exist to evaluate performance improvements or declines with domain experts and relevant stakeholders to define context-relevant risks and trustworthiness issues.
AAT-16.7,Pre-Trained AI & Autonomous Technologies Models,"Mechanisms exist to validate the information source(s) and quality of pre-trained models used in Artificial Intelligence (AI) and Autonomous Technologies (AAT) training, maintenance and improvement-related activities."
AAT-16.8,AI & Autonomous Technologies Event Logging,"Mechanisms exist to ensure Artificial Intelligence (AI) and Autonomous Technologies (AAT) system event logging capabilities at a minimum provide:
(1) Start date, start time, end date and end time for each use;
(2) Database(s) against which input data has been checked by the system;
(3) Input data for which the search has led to a match; and
(4) Identification of individual(s) involved in the verification of the results."
AAT-16.9,Serious Incident Reporting For AI & Autonomous Technologies,"Mechanisms exist to report any serious incident involving operational Artificial Intelligence (AI) and Autonomous Technologies (AAT) to relevant authorities as to when and where the serious incident occurred, in accordance with mandated reporting timelines."
AAT-16.10,Serious Incident Root Cause Analysis (RCA) For AI & Autonomous Technologies,"Mechanisms exist to perform an investigation when there is a serious incident involving operational Artificial Intelligence (AI) and Autonomous Technologies (AAT) that documents a:
(1) Root Cause Analysis (RCA);
(2) Risk assessment of the incident; and
(3) Description of corrective actions taken, including measures implemented to prevent a recurrence of the incident."
AAT-16.11,Anomaly Detection & Human Oversight,"Mechanisms exist to analyze anomalous Artificial Intelligence (AI) and Autonomous Technologies (AAT) behavior and provide escalation paths for human oversight, including:
(1) Real-time review; and
(2) Intervention."
AAT-16.12,Human-in-the-Loop & Escalation,Mechanisms exist to require human review and clear escalation paths for approval for high-risk or ambiguous Artificial Intelligence (AI) and Autonomous Technologies (AAT) actions.
AAT-16.13,Emergent Behavior & Collusion Protections,"Mechanisms exist to detect and contain emergent or collusive behaviors among multiple Artificial Intelligence (AI) and Autonomous Technologies (AAT), including:
(1) Automated or human-triggered containment; and
(2) Formal investigation to determine the root cause of agentic cascades or collusion."
AAT-16.14,Multi-Agent Trust & Communication Validation,"Mechanisms exist to validate AI agent to AI agent communications to:
(1) Detect poisoning or consensus manipulation; and
(2) Identify rogue or compromised AI agents in distributed or multi-agent environments."
AAT-17,AI & Autonomous Technologies Harm Prevention,"Mechanisms exist to proactively prevent harm by regularly identifying and tracking existing, unanticipated and emergent Artificial Intelligence (AI) and Autonomous Technologies (AAT)-related risks."
AAT-17.1,AI & Autonomous Technologies Human Subject Protections,Mechanisms exist to protect human subjects from harm.
AAT-17.2,AI & Autonomous Technologies Environmental Impact & Sustainability,Mechanisms exist to assess and document the environmental impacts and sustainability of Artificial Intelligence (AI) and Autonomous Technologies (AAT).
AAT-17.3,Previously Unknown AI & Autonomous Technologies Threats & Risks,Mechanisms exist to respond to and recover from a previously unknown Artificial Intelligence (AI) and Autonomous Technologies (AAT)-related risk when it is identified.
AAT-17.4,Novel Risk Assessment Methods & Technologies,"Mechanisms exist to utilize novel methods and technologies for the measurement of Artificial Intelligence (AI) and Autonomous Technologies (AAT)-related risks to evaluate, if applicable:
(1) Content provenance;
(2) Oﬀensive cyber capabilities;
(3) Chemical, Biological, Radiological or Nuclear (CBRN) weapons; and/or
(4) Other dangerous materials or agents."
AAT-17.5,Fine Tuning Risk Mitigation,"Mechanisms exist to ensure actions to fine-tune Artificial Intelligence (AI) and Autonomous Technologies (AAT) do not compromise existing security, compliance and resilience controls."
AAT-18,AI & Autonomous Technologies Risk Tracking Approaches,Mechanisms exist to track Artificial Intelligence (AI) and Autonomous Technologies (AAT)-related risks are difficult to assess using currently available measurement techniques or where metrics are not yet available.
AAT-18.1,AI & Autonomous Technologies Risk Response,"Mechanisms exist to prioritize, respond to and remediate Artificial Intelligence (AI) and Autonomous Technologies (AAT)-related risks based on assessments and other analytical output."
AAT-19,AI & Autonomous Technologies Conformity,"Mechanisms exist to ensure deployed Artificial Intelligence (AI) and Autonomous Technologies (AAT) conform to applicable statutory and regulatory requirements, based on:
(1) Defined use cases;
(2) Geographic markets; and
(3) Use of Intellectual Property (IP)."
AAT-19.1,Manipulative or Deceptive Techniques,"Mechanisms exist to prohibit the sale, deployment and/or use of Artificial Intelligence (AI) and Autonomous Technologies (AAT) that utilize manipulative or deceptive techniques (including biased data) to impair an individual's ability to make a reasonably informed decision."
AAT-19.2,Materially Distorting Behaviors,"Mechanisms exist to prohibit the sale, deployment and/or use of Artificial Intelligence (AI) and Autonomous Technologies (AAT) that exploit a human subject to materially affect a targeted behavior due to their:
(1) Age;
(2) Disability; or
(3) Specific social or economic situation."
AAT-19.3,Social Scoring,"Mechanisms exist to prohibit the sale, deployment and/or use of Artificial Intelligence (AI) and Autonomous Technologies (AAT) that:
(1) Evaluate human subjects over a certain period of time based on their social behavior or known, inferred or predicted personal or personality characteristics; and
(2) Assign a ""social score"" branding or equivalent classification."
AAT-19.4,Detrimental or Unfavorable Treatment,"Mechanisms exist to prohibit the sale, deployment and/or use of Artificial Intelligence (AI) and Autonomous Technologies (AAT) that lead to the detrimental or unfavorable treatment of certain data subjects, or groups of data subjects, in social contexts that is:
(1) Are unrelated to the contexts in which the data was originally generated or collected; and/or
(2) Is unjustified or disproportionate to their social behavior or its gravity."
AAT-19.5,Risk and Criminal Profiling,"Mechanisms exist to prohibit the sale, deployment and/or use of Artificial Intelligence (AI) and Autonomous Technologies (AAT) that:
(1) Assess the risk of an individual committing a criminal offence; and
(2) Predicts risk based solely on the profiling of personality traits and characteristics."
AAT-19.6,Populating Facial Recognition Databases,"Mechanisms exist to prohibit the sale, deployment and/or use of Artificial Intelligence (AI) and Autonomous Technologies (AAT) that create, or expand, facial recognition databases through scraping facial images from:
(1) The Internet; or
(2) Closed-Circuit Television (CCTV) footage."
AAT-19.7,Emotion Inference,"Mechanisms exist to prohibit the sale, deployment and/or use of Artificial Intelligence (AI) and Autonomous Technologies (AAT) that infer human emotions of an individual based on observed characteristics."
AAT-19.8,Biometric Categorization,"Mechanisms exist to prohibit the sale, deployment and/or use of Artificial Intelligence (AI) and Autonomous Technologies (AAT) that categorize an individual based on their biometric data to deduce, or infer, the individual's:
(1) Race;
(2) Political opinions;
(3) Trade union membership;
(4) Religious or philosophical beliefs;
(5) Sex life or sexual orientation; and/or
(6) Age."
AAT-20,AI & Autonomous Technologies Development Practices,"Measures exist to ensure Artificial Intelligence (AI) and Autonomous Technologies (AAT) are designed and developed to:
(1) Achieve an appropriate level of accuracy, robustness and cybersecurity;
(2) Perform consistently in those respects throughout the AAT system's lifecycle; and
(3) Be effectively overseen by competent individuals."
AAT-20.1,AI & Autonomous Technologies Transparency,Mechanisms exist to ensure Artificial Intelligence (AI) and Autonomous Technologies (AAT) are designed and developed so its operation is sufficiently transparent such that output can be easily interpreted by personnel implementing the AAT.
AAT-20.2,AI & Autonomous Technologies Implementation Documentation,"Mechanisms exist to ensure Artificial Intelligence (AI) and Autonomous Technologies (AAT) include clear and concise documentation that is relevant, accessible and comprehensible to personnel implementing and maintaining the AAT that, at a minimum, provides:
(1) Contact details of the provider;
(2) Characteristics, capabilities and limitations of performance of the AAT;
(3) Errata from the AAT's initial conformity assessment;
(4) Details necessary to interpret the outputs of the AAT;
(5) Human oversight measures necessary to facilitate the interpretation of the outputs of the AAT;
(6) Computational and hardware resources needed to operate the AAT;
(7) Projected useable lifetime of the AAT; and
(8) A description of the mechanisms included within the AAT system to properly collect, store and interpret event logs."
AAT-20.3,AI & Autonomous Technologies Human Domain Knowledge Reliance,"Mechanisms exist to document the extent to which human domain knowledge is employed to improve Artificial Intelligence (AI) and Autonomous Technologies (AAT) performance including:
(1) Reinforcement Learning from Human Feedback (RLHF);
(2) Fine-tuning;
(3) Retrieval- augmented generation;
(4) Content moderation; and
(5) Business rules."
AAT-21,AI & Autonomous Technologies Registration,"Mechanisms exist to maintain a current registration for Artificial Intelligence (AI) and Autonomous Technologies (AAT) with the appropriate governing body, as required by statutory or regulatory requirements."
AAT-22,AI & Autonomous Technologies Deployment,Mechanisms exist to ensure the deployment of Artificial Intelligence (AI) and Autonomous Technologies (AAT) includes appropriate technical and organizational measures so that AAT are used in accordance with the AAT developer-provided instructions for use.
AAT-22.1,AI & Autonomous Technologies Human Oversight,"Mechanisms exist to assign human oversight of Artificial Intelligence (AI) and Autonomous Technologies (AAT) to prevent or minimize the risks to:
(1) Health;
(2) Safety; and/or
(3) Fundamental rights."
AAT-22.2,AI & Autonomous Technologies Oversight Measures,"Mechanisms exist to ensure Artificial Intelligence (AI) and Autonomous Technologies (AAT) oversight measures are commensurate with the:
(1) Assessed risk(s);
(2) Level of autonomy; and
(3) Context of use."
AAT-22.3,AI & Autonomous Technologies Separate Verification,"Mechanisms exist to ensure no action or decision is taken by the deployer of an Artificial Intelligence (AI) and Autonomous Technologies (AAT) based solely based on AAT-generated evidence, unless that evidence has been separately verified and confirmed by at least two (2) individuals with the necessary competence, training and authority."
AAT-22.4,AI & Autonomous Technologies Oversight Functions Competency,"Mechanisms exist to ensure the deployment of Artificial Intelligence (AI) and Autonomous Technologies (AAT) assigns human oversight to individuals who have the necessary:
(1) Competence;
(2) Training;
(3) Authority; and
(4) Resources."
AAT-22.5,AI & Autonomous Technologies Data Relevance,Mechanisms exist to ensure the input to Artificial Intelligence (AI) and Autonomous Technologies (AAT) is relevant to the intended purpose of the AAT.
AAT-22.6,AI & Autonomous Technologies Irregularity Reporting,"Mechanisms exist to ensure serious incidents and/or irregularities associated with the deployment of Artificial Intelligence (AI) and Autonomous Technologies (AAT) are reported without delay to the:
(1) AAT provider;
(2) AAT importer or distributor, if applicable; and/or
(3) Local law authorities and/or governmental agency, as required."
AAT-22.7,AI & Autonomous Technologies Use Notification To Employees,"Mechanisms exist to ensure employees, including workers' representatives, are informed about Artificial Intelligence (AI) and Autonomous Technologies (AAT) deployments, prior to the use of the AAT in a production environment."
AAT-22.8,AI & Autonomous Technologies Use Notification To Users,"Mechanisms exist to ensure Artificial Intelligence (AI) and Autonomous Technologies (AAT) that make decisions, or assist in making decisions, inform the people in a clear manner that they are:
(1) Utilizing an AAT solution; and
(2) Expected to validate the output for relevance and accuracy."
AAT-23,AI & Autonomous Technologies Output Marking,Mechanisms exist to mark output from Artificial Intelligence (AI) and Autonomous Technologies (AAT) in a machine-readable format so it is detectable as artificially generated or manipulated.
AAT-24,Real World Testing of AI & Autonomous Technologies,"Mechanisms exist to obtain consent from the subjects of testing Artificial Intelligence (AI) and Autonomous Technologies (AAT):
(1) Prior to their participation in such testing; and
(2) After they have been provided with clear and concise information regarding the testing."
AAT-25,AI & Autonomous Technologies System Value Chain,Mechanisms exist to document the sequence of events and relevant stakeholders involved in creating and deploying Artificial Intelligence (AI) and Autonomous Technologies (AAT).
AAT-25.1,AI & Autonomous Technologies System Value Chain Fallbacks,"Mechanisms exist to identify:
(1) Over-reliance on third-party data with Artificial Intelligence (AI) and Autonomous Technologies (AAT); and
(2) Fallback methods to address the inability to access third-party data, as necessary."
AAT-26,AI & Autonomous Technologies Testing Techniques,Mechanisms exist to develop and implement fact-checking techniques to verify the accuracy and veracity of information generated by Artificial Intelligence (AI) and Autonomous Technologies (AAT).
AAT-26.1,Generative Artificial Intelligence (GAI) Identification,"Mechanisms exist to develop and implement testing techniques to identify Generative Artificial Intelligence (GAI) produced content (e.g., synthetic media)."
AAT-26.2,AI & Autonomous Technologies Capabilities Testing,Mechanisms exist to delineate human proﬁciency tests from tests of Artificial Intelligence (AI) and Autonomous Technologies (AAT) capabilities.
AAT-26.3,Real-World Testing,"Mechanisms exist to include relevant end-users, practitioners and operators in Artificial Intelligence (AI) and Autonomous Technologies (AAT) prototyping and testing activities to cover:
(1) Applicable use case scenarios;
(2) Crisis situations; and/or
(3) Ethically sensitive contexts."
AAT-26.4,Documenting Testing Guidance,"Mechanisms exist to document the instructions given to:
(1) Data annotators; and/or
(2) Artificial Intelligence (AI) and Autonomous Technologies (AAT) red-teamers."
AAT-27,AI & Autonomous Technologies Output Filtering,"Mechanisms exist to prevent Artificial Intelligence (AI) and Autonomous Technologies (AAT) from generating content that is:
(1) Inappropriate;
(2) Harmful;
(3) False;
(4) Illegal; and/or
(5) Violent."
AAT-27.1,Human Moderation,Mechanisms exist to assign personnel to review Artificial Intelligence (AI) and Autonomous Technologies (AAT)-generated content for alignment with culturally accepted norms.
AAT-28,AI Model Resilience,Mechanisms exist to ensure AI models are designed with resilience capabilities that are sufficient to withstand reasonable threats.
AAT-28.1,Model Pollution,"Mechanisms exist to prevent ""model pollution"" due to accidental and/or malicious inputs by an AI agent that can negatively alter the AI model."
AAT-28.2,Cascading Hallucination Defense,"Mechanisms exist to detect and prevent the propagation of false data (e.g., hallucinations) within the AI model or between AI agents."
AAT-28.3,Resource Exhaustion & DoS Resilience,"Mechanisms exist to monitor and prevent resource overload or Denial of Service (DoS) conditions through:
(1) Enforcement of quotas;
(2) Workload controls; and
(3) Auto-suspension of runaway AI agent processes."
AAT-29,AI Agent Governance,"Mechanisms exist to ensure AI agents are designed, developed and deployed to securely operate under human oversight."
AAT-29.1,Infrastructure Hardening & Isolation,"Mechanisms exist to protect, isolate and harden infrastructure resources used by AI agents, including:
(1) Resource allocation;
(2) Privilege management;
(3) Network segmentation; and
(4) Workload isolation."
AAT-29.2,AI Agent Limitations,"Mechanisms exist to implement limitations for AI agents according to:
(1) Least privileges, where the AI agent operates with the minimal permissions necessary to perform designated tasks; and
(2) Least functionality, where the AI agent is restricted to communicate with the minimal Technology Assets, Applications and/or Services (TAAS) and networks necessary to perform designated tasks."
AAT-29.3,Tool & API Invocation Controls,"Mechanisms exist to authenticate, authorize, validate and monitor all tool and Application Programming Interface (API) invocations by AI agents, including;
(1) Schema validation;
(2) Rate limiting;
(3) Access controls; and
(4) Output validation."
AAT-29.4,Orchestration Protocol Safeguards,"Mechanisms exist to validate, secure and restrict AI agent orchestration protocols to prevent:
(1) Unauthorized tool chaining;
(2) Context manipulation; and/or
(3) Protocol-based escalation."
AAT-29.5,Data Pipeline & Input Integrity,"Mechanisms exist to validate, sanitize and monitor all data inputs and retrieval pipelines for AI agents to:
(1) Ensure data provenance; and
(2) Prevent unauthorized access risks (e.g., injection, manipulation or exfiltration)."
AAT-29.6,Privileged Role & Delegation Boundaries,"Mechanisms exist to prevent privilege escalation or unauthorized delegation by AI agents by:
(1) Monitoring and enforcing dynamic roles; and
(2) Establishing cross-agent delegation boundaries and privileged actions."
AAT-29.7,AI Agent Data Access Restrictions,"Mechanisms exist to restrict agent access to sensitive and/or regulated data so that AI agents cannot ingest, generate or act on unauthorized data."
AAT-29.8,Data Extraction,Mechanisms exist to prevent AI agents from extracting sensitive and/or regulated data from volatile memory that can be exploited at a later point.
AAT-29.9,AI Agent Identity & Impersonation Defense,"Mechanisms exist to ensure user identification and authentication methods are capable of preventing AI agents from
(1) Spoofing;
(2) Mimicry; and/or
(3) Impersonation attacks."
AAT-29.10,AI Agent Logic Integrity,Mechanisms exist to prevent AI agent logic from being subverted or manipulated.
AAT-29.11,Sandboxing AI Agents,"Mechanisms exist to utilize a ""sandbox"" capability to restrict AI agents from unrestricted access to both local and remote resources."
AAT-29.12,Prompt Injection Defense,"Mechanisms exist to detect and mitigate prompt injection / input attacks that seek to manipulate AI agent instructions, bypass security, compliance and/or resilience controls or result in unauthorized actions."
AAT-29.13,Agent Kill Switch / User Control,Mechanisms exist to allow authorized users or operators to immediately halt or disable AI agent activity in case of unexpected behavior or harm.
AAT-29.14,Adversarial & Red Team Testing,Mechanisms exist to regularly conduct adversarial testing that simulates attacks against AI agents to identify and mitigate vulnerabilities.
AAT-29.15,Self-Modification Controls,"Mechanisms exist to control, restrict and log AI agent self-modification."
AAT-29.16,Purging AI Agent Data,Mechanisms exist to restrict purging of any persistent memory or long-term data used by AI agents.
AAT-29.17,Delegation and Chaining Control,"Mechanisms exist to restrict agentic delegation, chaining and multi-agent communication to prevent unauthorized task escalation or emergent risks."
AAT-29.18,Behavioral Drift Detection,Mechanisms exist to continuously monitor for behavioral drift or deviation from established AI agent baselines.
AAT-29.19,AI Agent Action Authentication & Authorization,"Mechanisms exist to ensure that all AI agent-initiated actions are properly mapped to authenticated user or system identities, with enforced authorization checks."
AAT-29.20,Transparency & Audit,"Mechanisms exist to provide comprehensive audit trails of AI agent actions including:
(1) Rationales; and
(2) User/trigger mappings."
AAT-29.21,Explainability,"Mechanisms exist to:
(1) Provide human-understandable explanations for significant AI agent actions or decisions; and
(2) Enable users to contest outcomes."
AAT-29.22,"Ethics, Fairness & Bias Detection","Mechanisms exist to detect unfair, unethical or biased AI agent actions."
AAT-29.23,Agent Output Integrity & Verification,"Mechanisms exist to validate AI agent-generated outputs through the use of:
(1) Content scanning; and
(2) Output vetting through human approvals, where appropriate."
AAT-29.24,Resource Limiting,"Automated mechanisms exist to enforce resource limits for Artificial Intelligence (AI) and Autonomous Technologies (AAT), including:
(1) Energy consumption;
(2) Processing capacity; and
(3) Financial consumption (e.g., allocated budget)."
AAT-30,Agentic Output Traceability & Repudiation,Mechanisms exist to ensure AI agent actions offer non-repudiation and enable forensic examination to determine accountability.
AAT-30.1,AI Agent Logging,Mechanisms exist to generate event logs for Artificial Intelligence (AI) and Autonomous Technologies (AAT) actions to ensure transparency and auditability.
AAT-30.2,Session Management,"Mechanisms exist to control AI agent sessions by:
(1) Embedding session IDs into the requests to the AI model;
(2) Implementing capabilities to correlate sessions; and
(3) Terminating sessions after a defined time period."
AAT-31,Human-in-the-Loop Workload & Manipulation,Mechanisms exist to prevent cognitive overload or decision fatigue for humans-in-the-loop (HITL) through risk-based prioritization.
AAT-32,Robotic Process Automation (RPA),"Mechanisms exist to implement Robotic Process Automation (RPA) to improve efficiency, accuracy and speed for high-volume, repetitive and rules-based business processes."
AAT-32.1,Business Process Task Enumeration,Mechanisms exist to identify and enumerate business process task activities that can be executed both manually and in an automated fashion.
AAT-33,Release Owner Gate (ROG) For AI-Augmented Content,"Mechanisms exist to implement a Release Owner Gate (ROG), or similar function, that prohibits the external release of AI-augmented content without formal Subject Matter Expert (SME) review and Line of Business (LOB) approval that validates:
(1) Material facts;
(2) Citations; and
(3) Other relevant content that could discredit the organization."
AST-01,Asset Governance,Mechanisms exist to facilitate an IT Asset Management (ITAM) program to implement and manage asset management controls.
AST-01.1,Asset-Service Dependencies,"Mechanisms exist to identify and assess the security of Technology Assets, Applications and/or Services (TAAS) that support more than one critical business function."
AST-01.2,Stakeholder Identification & Involvement,"Mechanisms exist to identify and involve pertinent stakeholders of critical Technology Assets, Applications, Services and/or Data (TAASD) to support the ongoing secure management of those assets."
AST-01.3,Standardized Naming Convention,"Mechanisms exist to implement a scalable, standardized naming convention for Technology Assets, Applications, Services and/or Data (TAASD) that avoids asset naming conflicts."
AST-01.4,Approved Technologies,Mechanisms exist to maintain a current list of approved technologies (hardware and software).
AST-01.5,Authorized To Connect,"Mechanisms exist to maintain a list of Technology Asset, Application and/or Service (TAAS) that are authorized to connect to organizational Technology Assets, Applications, Services and/or Data (TAASD)."
AST-02,Asset Inventories,"Mechanisms exist to perform inventories of Technology Assets, Applications, Services and/or Data (TAASD) that:
(1) Accurately reflects the current TAASD in use;
(2) Identifies authorized software products, including business justification details;
(3) Is at the level of granularity deemed necessary for tracking and reporting;
(4) Includes organization-defined information deemed necessary to achieve effective property accountability; and
(5) Is available for review and audit by designated organizational personnel."
AST-02.1,Updates During Installations / Removals,"Mechanisms exist to update asset inventories as part of component installations, removals and asset upgrades."
AST-02.2,Automated Unauthorized Component Detection,"Automated mechanisms exist to detect and alert upon the detection of unauthorized hardware, software and firmware components."
AST-02.3,Component Duplication Avoidance,Mechanisms exist to establish and maintain an authoritative source and repository to provide a trusted source and accountability for approved and implemented system components that prevents assets from being duplicated in other asset inventories.
AST-02.4,Approved Baseline Deviations,Mechanisms exist to document and govern instances of approved deviations from established baseline configurations.
AST-02.5,Network Access Control (NAC),"Automated mechanisms exist to employ Network Access Control (NAC), or a similar technology, which is capable of detecting unauthorized devices and disable network access to those unauthorized devices."
AST-02.6,Dynamic Host Configuration Protocol (DHCP) Server Logging,Mechanisms exist to enable Dynamic Host Configuration Protocol (DHCP) server logging to improve asset inventories and assist in detecting unknown systems.
AST-02.7,Software Licensing Restrictions,Mechanisms exist to protect Intellectual Property (IP) rights with software licensing restrictions.
AST-02.8,Data Action Mapping,"Mechanisms exist to create and maintain a map of Technology Assets, Applications and/or Services (TAAS) where sensitive and/or regulated data is stored, transmitted or processed."
AST-02.9,Configuration Management Database (CMDB),"Mechanisms exist to implement and manage a Configuration Management Database (CMDB), or similar technology, to monitor and govern technology asset-specific information."
AST-02.10,"Automated Location
Tracking",Mechanisms exist to track the geographic location of system components.
AST-02.11,Component Assignment,Mechanisms exist to bind components to a specific system.
AST-03,Asset Ownership Assignment,"Mechanisms exist to ensure asset ownership responsibilities are assigned, tracked and managed at a team, individual, or responsible organization level to establish a common understanding of requirements for asset protection."
AST-03.1,Accountability Information,"Mechanisms exist to include capturing the name, position and/or role of individuals responsible/accountable for administering assets as part of the technology asset inventory process."
AST-03.2,Provenance,"Mechanisms exist to track the origin, development, ownership, location and changes to Technology Assets, Applications, Services and/or Data (TAASD)."
AST-04,Network Diagrams & Data Flow Diagrams (DFDs),"Mechanisms exist to maintain network architecture diagrams that:
(1) Contain sufficient detail to assess the security of the network's architecture;
(2) Reflect the current architecture of the network environment; and
(3) Document all sensitive and/or regulated data flows."
AST-04.1,Asset Scope Classification,"Mechanisms exist to determine security, compliance and resilience control applicability by identifying, assigning and documenting the appropriate asset scope categorization for all Technology Assets, Applications and/or Services (TAAS) and personnel (internal and third-parties)."
AST-04.2,Control Applicability Boundary Graphical Representation,"Mechanisms exist to ensure control applicability is appropriately-determined for Technology Assets, Applications and/or Services (TAAS) and third parties by graphically representing applicable boundaries."
AST-04.3,Compliance-Specific Asset Identification,"Mechanisms exist to create and maintain a current inventory of Technology Assets, Applications, Services and/or Data (TAASD) that are in scope for statutory, regulatory and/or contractual compliance obligations that provides sufficient detail to determine control applicability, based on asset scope categorization."
AST-05,Security of Assets & Media,"Mechanisms exist to maintain strict control over Technology Assets, Applications, Services and/or Data (TAASD) to preserve confidentiality and integrity."
AST-05.1,Management Approval For External Media Transfer,Mechanisms exist to obtain management approval for any sensitive and/or regulated media that is transferred outside of the organization's facilities.
AST-05.2,"Technology Assets, Applications, Services and/or Data (TAASD) Storage","Mechanisms exist to ensure Technology Assets, Applications, Services and/or Data (TAASD) are stored in rooms and/or facilities with reasonable physical security protections."
AST-06,Unattended End-User Equipment,Mechanisms exist to implement enhanced protection measures for unattended technology assets to protect against tampering and unauthorized access.
AST-06.1,Asset Storage In Automobiles,"Mechanisms exist to educate users on the need to physically secure laptops and other mobile devices out of sight when traveling, preferably in the trunk of a vehicle."
AST-07,Kiosks & Point of Interaction (PoI) Devices,Mechanisms exist to appropriately protect devices that capture sensitive and/or regulated data via direct physical interaction from tampering and substitution.
AST-08,Physical Tampering Detection,Mechanisms exist to periodically inspect systems and system components for Indicators of Compromise (IoC).
AST-09,"Secure Disposal, Destruction or Re-Use of Equipment","Mechanisms exist to securely dispose of, destroy or repurpose system components using organization-defined techniques and methods to prevent information being recovered from these components."
AST-10,Return of Assets,"Mechanisms exist to ensure that employees and third-party users return all organizational assets in their possession upon termination of employment, contract or agreement."
AST-11,Removal of Assets,"Mechanisms exist to authorize, control and track technology assets entering and exiting organizational facilities."
AST-12,Use of Personal Devices,"Mechanisms exist to restrict the possession and/or use of personally-owned Technology Assets, Applications and/or Services (TAAS) within organization-controlled facilities."
AST-13,Use of Third-Party Devices,Mechanisms exist to reduce the risk associated with third-party assets that are attached to the network from harming organizational assets or exfiltrating organizational data.
AST-14,Usage Parameters,Mechanisms exist to monitor and enforce usage parameters that limit the potential damage caused from the unauthorized or unintentional alteration of system parameters.
AST-14.1,Bluetooth & Wireless Devices,"Mechanisms exist to prevent the usage of Bluetooth and wireless devices (e.g., Near Field Communications (NFC)) in sensitive areas or unless used in a Radio Frequency (RF)-screened building."
AST-14.2,Infrared Communications,Mechanisms exist to prevent line of sight and reflected infrared (IR) communications use in an unsecured space.
AST-15,Logical Tampering Protection,"Mechanisms exist to assess the integrity of critical Technology Assets, Applications and/or Services (TAAS) to detect evidence of tampering, where:
(1)	Logical assessments evaluate the integrity of critical components (e.g., configuration settings); and
(2)	Physical assessments evaluate assets for evidence of unauthorized access and/or modifications."
AST-15.1,Technology Asset Inspections,Mechanisms exist to physically and logically inspect critical technology assets to detect evidence of tampering.
AST-16,Bring Your Own Device (BYOD) Usage,Mechanisms exist to implement and govern a Bring Your Own Device (BYOD) program to reduce risk associated with personally-owned devices in the workplace.
AST-17,Prohibited Equipment & Services,"Mechanisms exist to govern Supply Chain Risk Management (SCRM) sanctions that require the removal and prohibition of certain Technology Assets, Applications and/or Services (TAAS) that are designated as supply chain threats by a statutory or regulatory body."
AST-18,Roots of Trust Protection,"Mechanisms exist to provision and protect the confidentiality, integrity and authenticity of product supplier keys and data that can be used as a “roots of trust” basis for integrity verification."
AST-19,Telecommunications Equipment,Mechanisms exist to establish usage restrictions and implementation guidance for telecommunication equipment to prevent potential damage or unauthorized modification and to prevent potential eavesdropping.
AST-20,Video Teleconference (VTC) Security,"Mechanisms exist to implement secure Video Teleconference (VTC) capabilities on endpoint devices and in designated conference rooms, to prevent potential eavesdropping."
AST-21,Voice Over Internet Protocol (VoIP) Security,Mechanisms exist to implement secure Internet Protocol Telephony (IPT) that logically or physically separates Voice Over Internet Protocol (VoIP) traffic from data networks.
AST-22,Microphones & Web Cameras,Mechanisms exist to configure assets to prohibit the use of endpoint-based microphones and web cameras in secure areas or where sensitive and/or regulated information is discussed.
AST-23,Multi-Function Devices (MFD),Mechanisms exist to securely configure Multi-Function Devices (MFD) according to industry-recognized secure practices for the type of device.
AST-24,Travel-Only Devices,"Mechanisms exist to issue personnel travelling overseas with temporary, loaner or ""travel-only"" end user technology (e.g., laptops and mobile devices) when travelling to authoritarian countries with a higher-than average risk for Intellectual Property (IP) theft or espionage against individuals and private companies."
AST-25,Re-Imaging Devices After Travel,"Mechanisms exist to re-image end user technology (e.g., laptops and mobile devices) when returning from overseas travel to an authoritarian country with a higher-than average risk for Intellectual Property (IP) theft or espionage against individuals and private companies."
AST-26,System Administrative Processes,"Mechanisms exist to develop, implement and govern system administration processes, with corresponding Standardized Operating Procedures (SOP), for operating and maintaining Technology Assets, Applications and/or Services (TAAS)."
AST-27,Jump Server,"Mechanisms exist to conduct remote system administrative functions via a ""jump box"" or ""jump server"" that is located in a separate network zone to user workstations."
AST-28,Database Administrative Processes,"Mechanisms exist to develop, implement and govern database management processes, with corresponding Standardized Operating Procedures (SOP), for operating and maintaining databases."
AST-28.1,Database Management System (DBMS),"Mechanisms exist to implement and maintain Database Management Systems (DBMSs), where applicable."
AST-29,Radio Frequency Identification (RFID) Security,Mechanisms exist to securely govern Radio Frequency Identification (RFID) deployments to ensure RFID is used safely and securely to protect the confidentiality and integrity of data and prevent the compromise of secure spaces.
AST-29.1,Contactless Access Control Systems,Mechanisms exist to securely configure contactless access control systems incorporating contactless RFID or smart cards to protect the confidentiality and integrity of data and prevent the compromise of secure spaces.
AST-30,Decommissioning,"Mechanisms exist to ensure Technology Assets, Applications and/or Services (TAAS) are properly decommissioned so that data is properly transitioned to new systems or archived in accordance with applicable organizational standards, as well as statutory, regulatory and contractual obligations."
AST-31,Asset Categorization,"Mechanisms exist to categorize Technology Assets, Applications and/or Services (TAAS)."
AST-31.1,Categorize Artificial Intelligence (AI)-Related Technologies,Mechanisms exist to categorize Artificial Intelligence (AI) and Autonomous Technologies (AAT).
AST-31.2,High-Risk Asset Categorization,"Mechanisms exist to categorize a system and/or service as ""High Risk"" if it poses a significant risk of harm to an individual's:
(1) Health;
(2) Safety; and/or
(3) Fundamental human rights."
AST-31.3,Asset Attributes,Mechanisms exist to dynamically associate asset-specific attributes to enable Attribute-Based Access Control (ABAC).
AST-32,Automated Network Asset Discovery,"Mechanisms exist to automate network asset discovery through Software Defined Networking (SDN), or similar technologies, that analyzes network traffic to:
(1) Identify;
(2) Document; and
(3) Track devices."
BCD-01,Business Continuity Management System (BCMS),"Mechanisms exist to facilitate the implementation of contingency planning controls to help ensure resilient Technology Assets, Applications and/or Services (TAAS) (e.g., Continuity of Operations Plan (COOP) or Business Continuity & Disaster Recovery (BC/DR) playbooks)."
BCD-01.1,Coordinate with Related Plans,Mechanisms exist to coordinate contingency plan development with internal and external elements responsible for related plans.
BCD-01.2,Coordinate With External Service Providers,Mechanisms exist to coordinate internal contingency plans with the contingency plans of external service providers to ensure that contingency requirements can be satisfied.
BCD-01.3,Transfer to Alternate Processing / Storage Site,Mechanisms exist to redeploy personnel to other roles during a disruptive event or in the execution of a continuity plan.
BCD-01.4,Recovery Time / Point Objectives (RTO / RPO),Mechanisms exist to facilitate recovery operations in accordance with Recovery Time Objectives (RTOs) and Recovery Point Objectives (RPOs).
BCD-01.5,Recovery Operations Criteria,Mechanisms exist to define specific criteria that must be met to initiate Business Continuity / Disaster Recover (BC/DR) plans that facilitate business continuity operations capable of meeting applicable Recovery Time Objectives (RTOs) and Recovery Point Objectives (RPOs).
BCD-01.6,Recovery Operations Communications,Mechanisms exist to communicate the status of recovery activities and progress in restoring operational capabilities to designated internal and external stakeholders.
BCD-01.7,Business Continuity & Disaster Recovery (BC/DR) Plans,"Mechanisms exist for process owners to establish and maintain formal Business Continuity & Disaster Recovery (BC/DR) plans to ensure information is detailed enough, accurate and representative of current operations in order to sustain and/or restore operations under adverse conditions."
BCD-02,Identify Critical Assets,"Mechanisms exist to identify and document the critical Technology Assets, Applications, Services and/or Data (TAASD) that support essential missions and business functions."
BCD-02.1,Resume All Missions & Business Functions,Mechanisms exist to resume all missions and business functions within Recovery Time Objectives (RTOs) of the contingency plan's activation.
BCD-02.2,Continue Essential Mission & Business Functions,Mechanisms exist to continue essential missions and business functions with little or no loss of operational continuity and sustain that continuity until full system restoration at primary processing and/or storage sites.
BCD-02.3,Resume Essential Missions & Business Functions,Mechanisms exist to resume essential missions and business functions within an organization-defined time period of contingency plan activation.
BCD-02.4,Data Storage Location Reviews,Mechanisms exist to perform periodic security reviews of storage locations that contain sensitive and/or regulated data.
BCD-03,Contingency Training,Mechanisms exist to adequately train contingency personnel and applicable stakeholders in their contingency roles and responsibilities.
BCD-03.1,Simulated Events,Mechanisms exist to incorporate simulated events into contingency training to facilitate effective response by personnel in crisis situations.
BCD-03.2,Automated Training Environments,Automated mechanisms exist to provide a more thorough and realistic contingency training environment.
BCD-04,Contingency Plan Testing & Exercises,Mechanisms exist to conduct tests and/or exercises to evaluate the contingency plan's effectiveness and the organization's readiness to execute the plan.
BCD-04.1,Coordinated Testing with Related Plans,Mechanisms exist to coordinate contingency plan testing with internal and external elements responsible for related plans.
BCD-04.2,Alternate Storage & Processing Sites,Mechanisms exist to test contingency plans at alternate storage & processing sites to both familiarize contingency personnel with the facility and evaluate the capabilities of the alternate processing site to support contingency operations.
BCD-05,Contingency Plan Root Cause Analysis (RCA) & Lessons Learned,"Mechanisms exist to conduct a Root Cause Analysis (RCA) and ""lessons learned"" activity every time the contingency plan is activated."
BCD-06,Ongoing Contingency Planning,"Mechanisms exist to update contingency plans due to changes affecting:
(1) People (e.g., personnel changes);
(2) Processes (e.g., new, altered or decommissioned business practices, including third-party services)
(3) Technologies (e.g., new, altered or decommissioned technologies);
(4) Data (e.g., changes to data flows and/or data repositories);
(5) Facilities (e.g., new, altered or decommissioned physical infrastructure); and/or
(6) Feedback from contingency plan testing activities."
BCD-06.1,Contingency Planning Components,"Mechanisms exist to identify components that potentially impact the organization's ability to execute contingency plans, including changes to:
(1) Personnel roles;
(2) Business processes (including the use of third-party services);
(3) Deployed technologies;
(4) Data repositories and/or data flows; and/or
(5) Physical infrastructure."
BCD-06.2,Contingency Plan Update Notifications,Mechanisms exist to keep stakeholders informed of changes to contingency plans.
BCD-07,Alternative Security Measures,Mechanisms exist to implement alternative or compensating controls to satisfy security functions when the primary means of implementing the security function is unavailable or compromised.
BCD-08,Alternate Storage Site,Mechanisms exist to establish an alternate storage site that includes both the assets and necessary agreements to permit the storage and recovery of system backup information.
BCD-08.1,Separation from Primary Storage Site,Mechanisms exist to separate the alternate storage site from the primary storage site to reduce susceptibility to similar threats.
BCD-08.2,Primary Storage Site Accessibility,Mechanisms exist to identify and mitigate potential accessibility problems to the alternate storage sites in the event of an area-wide disruption or disaster.
BCD-09,Alternate Processing Site,Mechanisms exist to establish an alternate processing site that provides security measures equivalent to that of the primary site.
BCD-09.1,Separation from Primary Processing Site,Mechanisms exist to separate the alternate processing site from the primary processing site to reduce susceptibility to similar threats.
BCD-09.2,Alternate Processing Site Accessibility,"Mechanisms exist to identify and mitigate potential accessibility problems to the alternate processing sites and possible mitigation actions, in the event of an area-wide disruption or disaster."
BCD-09.3,Alternate Site Priority of Service,"Mechanisms exist to address priority-of-service provisions in alternate processing and storage sites that support availability requirements, including Recovery Time Objectives (RTOs)."
BCD-09.4,Preparation for Use,Mechanisms exist to prepare the alternate processing alternate to support essential missions and business functions so that the alternate site is capable of being used as the primary site.
BCD-09.5,Inability to Return to Primary Site,Mechanisms exist to plan and prepare for both natural and manmade circumstances that preclude returning to the primary site.
BCD-10,Telecommunications Services Availability,Mechanisms exist to reduce the likelihood of a single point of failure with primary telecommunications services.
BCD-10.1,Telecommunications Priority of Service Provisions,"Mechanisms exist to formalize primary and alternate telecommunications service agreements contain priority-of-service provisions that support availability requirements, including Recovery Time Objectives (RTOs)."
BCD-10.2,Separation of Primary / Alternate Providers,Mechanisms exist to obtain alternate telecommunications services from providers that are separated from primary service providers to reduce susceptibility to the same threats.
BCD-10.3,Provider Contingency Plan,Mechanisms exist to contractually-require external service providers to have contingency plans that meet organizational contingency requirements.
BCD-10.4,Alternate Communications Channels,Mechanisms exist to maintain command and control capabilities via alternate communications channels and designating alternative decision makers if primary decision makers are unavailable.
BCD-11,Data Backups,"Mechanisms exist to create recurring backups of data, software and/or system images, as well as verify the integrity of these backups, to ensure the availability of the data to satisfy Recovery Time Objectives (RTOs) and Recovery Point Objectives (RPOs)."
BCD-11.1,Testing for Reliability & Integrity,"Mechanisms exist to routinely test backups that verify the reliability of the backup process, as well as the integrity and availability of the data."
BCD-11.2,Separate Storage for Critical Information,Mechanisms exist to store backup copies of critical software and other security-related information in a separate facility or in a fire-rated container that is not collocated with the system being backed up.
BCD-11.3,Recovery Images,"Mechanisms exist to reimage assets from configuration-controlled and integrity-protected images that represent a secure, operational state."
BCD-11.4,Cryptographic Protection,Cryptographic mechanisms exist to prevent the unauthorized disclosure and/or modification of backup information.
BCD-11.5,Test Restoration Using Sampling,Mechanisms exist to utilize sampling of available backups to test recovery capabilities as part of business continuity plan testing.
BCD-11.6,Transfer to Alternate Storage Site,Mechanisms exist to transfer backup data to the alternate storage site at a rate that is capable of meeting both Recovery Time Objectives (RTOs) and Recovery Point Objectives (RPOs).
BCD-11.7,Redundant Secondary System,"Mechanisms exist to maintain a failover capability, which is not collocated with the primary Technology Asset, Application and/or Service (TAAS), which can be activated with little-to-no loss of information or disruption to operations."
BCD-11.8,Dual Authorization For Backup Media Destruction,Mechanisms exist to implement and enforce dual authorization for the deletion or destruction of sensitive backup media and data.
BCD-11.9,Backup Access,Mechanisms exist to restrict access to backups to privileged users with assigned roles for data backup and recovery operations.
BCD-11.10,Backup Modification and/or Destruction,Mechanisms exist to restrict access to modify and/or delete backups to privileged users with assigned data backup and recovery operations roles.
BCD-12,"Technology Assets, Applications and/or Services (TAAS) Recovery & Reconstitution","Mechanisms exist to ensure the secure recovery and reconstitution of Technology Assets, Applications and/or Services (TAAS) to a known state after a disruption, compromise or failure."
BCD-12.1,Transaction Recovery,"Mechanisms exist to utilize specialized backup mechanisms that will allow transaction recovery for transaction-based Technology Assets, Applications and/or Services (TAAS) in accordance with Recovery Point Objectives (RPOs)."
BCD-12.2,Failover Capability,"Mechanisms exist to implement real-time or near-real-time failover capability to maintain availability of critical Technology Assets, Applications, Services and/or Data (TAASD)."
BCD-12.3,Electronic Discovery (eDiscovery),Mechanisms exist to utilize electronic discovery (eDiscovery) that covers current and archived communication transactions.
BCD-12.4,Restore Within Time Period,"Mechanisms exist to restore Technology Assets, Applications, Services and/or Data (TAASD) within organization-defined restoration time-periods from configuration-controlled and integrity-protected information; representing a known, operational state for the asset."
BCD-13,Backup & Restoration Hardware Protection,Mechanisms exist to protect backup and restoration hardware and software.
BCD-13.1,Restoration Integrity Verification,Mechanisms exist to verify the integrity of backups and other restoration assets prior to using them for restoration.
BCD-14,Isolated Recovery Environment,"Mechanisms exist to utilize an isolated, non-production environment to perform data backup and recovery operations through offline, cloud or off-site capabilities."
BCD-15,Reserve Hardware,Mechanisms exist to purchase and maintain a sufficient reserve of spare hardware to ensure essential missions and business functions can be maintained in the event of a supply chain disruption.
BCD-16,AI & Autonomous Technologies Incidents,Mechanisms exist to handle failures or incidents with Artificial Intelligence (AI) and Autonomous Technologies (AAT) deemed to be high-risk.
CAP-01,Capacity & Performance Management,Mechanisms exist to facilitate the implementation of capacity management controls to ensure optimal system performance to meet expected and anticipated future capacity requirements.
CAP-02,Resource Priority,"Mechanisms exist to control resource utilization of Technology Assets, Applications and/or Services (TAAS) that are susceptible to Denial of Service (DoS) attacks to limit and prioritize the use of resources."
CAP-03,Capacity Planning,"Mechanisms exist to conduct capacity planning so that necessary capacity for information processing, telecommunications and environmental support will exist during contingency operations."
CAP-04,Performance Monitoring,"Automated mechanisms exist to centrally-monitor and alert on the operating state and health status of critical Technology Assets, Applications and/or Services (TAAS)."
CAP-05,Elastic Expansion,"Mechanisms exist to automatically scale the resources available for Technology Assets, Applications and/or Services (TAAS), as demand conditions change."
CAP-06,Regional Delivery,"Mechanisms exist to support operations that are geographically dispersed via regional delivery of technological Technology Assets, Applications and/or Services (TAAS)."
CHG-01,Change Management Program,Mechanisms exist to facilitate the implementation of a change management program.
CHG-02,Configuration Change Control,Mechanisms exist to govern the technical configuration change control processes.
CHG-02.1,Prohibition Of Changes,"Mechanisms exist to prohibit unauthorized changes, unless organization-approved change requests are received."
CHG-02.2,"Test, Validate & Document Changes",Mechanisms exist to appropriately test and document proposed changes in a non-production environment before changes are implemented in a production environment.
CHG-02.3,"Security, Compliance & Resilience Representative for Asset Lifecycle Changes",Mechanisms exist to include a cybersecurity and/or data protection representative in the configuration change control review process.
CHG-02.4,Automated Security Response,Automated mechanisms exist to implement remediation actions upon the detection of unauthorized baseline configurations change(s).
CHG-02.5,Cryptographic Management,Mechanisms exist to govern assets involved in providing cryptographic protections according to the organization's configuration management processes.
CHG-03,Security Impact Analysis for Changes,"Mechanisms exist to analyze proposed changes for potential security impacts, prior to the implementation of the change."
CHG-04,Access Restriction For Change,Mechanisms exist to enforce configuration restrictions in an effort to restrict the ability of users to conduct unauthorized changes.
CHG-04.1,Automated Access Enforcement / Auditing,Mechanisms exist to perform after-the-fact reviews of configuration change logs to discover any unauthorized changes.
CHG-04.2,Signed Components,Mechanisms exist to prevent the installation of software and firmware components without verification that the component has been digitally signed using an organization-approved certificate authority.
CHG-04.3,Dual Authorization for Change,"Mechanisms exist to enforce a two-person rule for implementing changes to critical Technology Assets, Applications and/or Services (TAAS)."
CHG-04.4,Permissions To Implement Changes,Mechanisms exist to limit operational privileges for implementing changes.
CHG-04.5,Library Privileges,Mechanisms exist to restrict software library privileges to those individuals with a pertinent business need for access.
CHG-05,Stakeholder Notification of Changes,Mechanisms exist to ensure stakeholders are made aware of and understand the impact of proposed changes.
CHG-06,Control Functionality Verification,"Mechanisms exist to verify the functionality of security, compliance and resilience controls following implemented changes to ensure applicable controls operate as designed."
CHG-06.1,Report Verification Results,"Mechanisms exist to report the results of security, compliance and resilience capability verification to appropriate organizational management."
CHG-07,Emergency Changes,"Mechanisms exist to govern change management procedures for ""emergency"" changes."
CHG-07.1,Documenting Emergency Changes,"Mechanisms exist to document the results of ""emergency"" changes, including an explanation for why standard change management procedures could not be followed."
CHG-08,Dual Approval For High-Impact Environments,"Mechanisms exist to require dual approval for any changes that might result in a serious incident that could adversely impact:
(1) Business processes; and/or
(2) Technology Assets, Applications, Services and/or Data (TAASD)."
CLD-01,Cloud Services,Mechanisms exist to facilitate the implementation of cloud management controls to ensure cloud instances are secure and in-line with industry practices.
CLD-01.1,Cloud Infrastructure Onboarding,"Mechanisms exist to ensure cloud services are designed and configured so Technology Assets, Applications and/or Services (TAAS) are secured in accordance with applicable organizational standards, as well as statutory, regulatory and contractual obligations."
CLD-01.2,Cloud Infrastructure Offboarding,"Mechanisms exist to ensure cloud services are decommissioned so that data is securely transitioned to new systems or archived in accordance with applicable organizational standards, as well as statutory, regulatory and contractual obligations."
CLD-02,Cloud Security Architecture,"Mechanisms exist to ensure the cloud security architecture supports the organization's technology strategy to securely design, configure and maintain cloud employments."
CLD-03,Cloud Infrastructure Security Subnet,Mechanisms exist to host security-specific technologies in a dedicated subnet.
CLD-04,Application Programming Interface (API) Security,Mechanisms exist to ensure support for secure interoperability between components with Application Programming Interfaces (APIs).
CLD-04.1,API Gateway,"Mechanisms exist to implement an Application Programming Interface (API) Gateway, or similar technology, to serve as a controlled entry point that manages interactions between client-facing requests and backend services."
CLD-05,Virtual Machine Images,Mechanisms exist to ensure the integrity of virtual machine images at all times.
CLD-06,Multi-Tenant Environments,Mechanisms exist to ensure multi-tenant owned or managed assets (physical and virtual) are designed and governed such that provider and customer (tenant) user access is appropriately segmented from other tenant users.
CLD-06.1,Customer Responsibility Matrix (CRM),"Mechanisms exist to formally document a Customer Responsibility Matrix (CRM), delineating assigned responsibilities for security, compliance and resilience controls between the Cloud Service Provider (CSP) and its customers."
CLD-06.2,Multi-Tenant Event Logging Capabilities,"Mechanisms exist to ensure Multi-Tenant Service Providers (MTSP) facilitate security event logging capabilities for its customers that are consistent with applicable statutory, regulatory and/or contractual obligations."
CLD-06.3,Multi-Tenant Forensics Capabilities,Mechanisms exist to ensure Multi-Tenant Service Providers (MTSP) facilitate prompt forensic investigations in the event of a suspected or confirmed security incident.
CLD-06.4,Multi-Tenant Incident Response Capabilities,"Mechanisms exist to ensure Multi-Tenant Service Providers (MTSP) facilitate prompt response to suspected or confirmed security incidents and vulnerabilities, including timely notification to affected customers."
CLD-07,Data Handling & Portability,"Mechanisms exist to ensure cloud providers use secure protocols for the import, export and management of data in cloud-based Technology Assets, Applications and/or Services (TAAS)."
CLD-08,Standardized Virtualization Formats,Mechanisms exist to ensure interoperability by requiring cloud providers to use industry-recognized formats and provide documentation of custom changes for review.
CLD-09,"Geolocation Requirements for Processing, Storage and Service Locations","Mechanisms exist to control the location of cloud processing/storage based on business requirements that includes statutory, regulatory and contractual obligations."
CLD-10,Sensitive Data In Public Cloud Providers,Mechanisms exist to limit and manage the storage of sensitive and/or regulated data in public cloud providers.
CLD-11,Cloud Access Security Broker (CASB),"Mechanisms exist to utilize a Cloud Access Security Broker (CASB), or similar technology, to provide boundary protection and monitoring functions that both provide access to the cloud and protect the organization from misuse of cloud resources."
CLD-12,Side Channel Attack Prevention,"Mechanisms exist to prevent ""side channel attacks"" when using a Content Delivery Network (CDN) by restricting access to the origin server's IP address to the CDN and an authorized management network."
CLD-13,"Hosted Assets, Applications & Services","Mechanisms exist to specify applicable security, compliance and resilience that must be implemented on external Technology Assets, Applications and/or Services (TAAS), consistent with the contractual obligations established with the External Service Providers (ESP) owning, operating and/or maintaining external TAAS."
CLD-13.1,"Authorized Individuals For Hosted Assets, Applications & Services","Mechanisms exist to authorize specified individuals to access External Service Providers (ESP) owned, operated and/or maintained external Technology Assets, Applications and/or Services (TAAS)."
CLD-13.2,"Sensitive / Regulated Data On Hosted Assets, Applications & Services","Mechanisms exist to define formal processes to store, process and/or transmit sensitive and/or regulated data using External Service Providers (ESP) owned, operated and/or maintained external Technology Assets, Applications and/or Services (TAAS), in accordance with all applicable statutory, regulatory and/or contractual obligations."
CLD-14,"Prohibition On Unverified Hosted Assets, Applications & Services","Mechanisms exist to prohibit access to, or usage of, hosted Technology Assets, Applications and/or Services (TAAS) until applicable security, compliance and/or resilience control implementation is verified."
CLD-15,Software Defined Storage (SDS),"Automated mechanisms exist to utilize Software Defined Storage (SDS) to scale access management permissions to Technology Assets, Applications, Services and/or Data (TAASD)."
CPL-01,"Statutory, Regulatory & Contractual Compliance","Mechanisms exist to facilitate the identification and implementation of relevant statutory, regulatory and contractual controls."
CPL-01.1,Non-Compliance Oversight,"Mechanisms exist to document and review instances of non-compliance with statutory, regulatory and/or contractual obligations to develop appropriate risk mitigation actions."
CPL-01.2,Compliance Scope,"Mechanisms exist to document and validate the scope of security, compliance and resilience controls that are determined to meet statutory, regulatory and/or contractual compliance obligations."
CPL-01.3,Ability To Demonstrate Conformity,"Mechanisms exist to ensure the organization is able to demonstrate security, compliance and/or resilience capability conformity with applicable cybersecurity and data protection laws, regulations and/or contractual obligations."
CPL-01.4,Conformity Assessment,"Mechanisms exist to conduct assessments to demonstrate security, compliance and/or resilience capability conformity with applicable cybersecurity and data protection laws, regulations and/or contractual obligations."
CPL-01.5,Declaration of Conformity,"Mechanisms exist to generate a declaration of conformity for each conformity assessment, where the document:
(1) Is concise;
(2) Unambiguously reflects the current status;
(3) Is physically or electronically signed; and
(4) Where possible, is machine readable."
CPL-01.6,Assessment Team Subject Matter Expertise,"Mechanisms exist to ensure individuals performing audits and/or assessments have reasonable:
(1) Professional qualifications to perform the audit and/or assessment; and
(2) Subject matter expertise to perform review, interview and test activities for in-scope People, Processes, Technologies, Data and/or Facilities (PPTDF)."
CPL-01.7,Designated Certifying Official,Mechanisms exist to designate an individual the authority to make statements of conformity on behalf of the organization.
CPL-01.8,Conformity Attestations,"Mechanisms exist for the certifying official to attest to the accuracy of conformity attestations, based on applicable laws, regulations and/or contractual criteria."
CPL-02,"Security, Compliance & Resilience Controls Oversight","Mechanisms exist to provide a security, compliance and resilience controls oversight function that reports to the organization's executive leadership."
CPL-02.1,Internal Audit Function,Mechanisms exist to implement an internal audit function that is capable of providing senior organization management with insights into the appropriateness of the organization's technology and information governance processes.
CPL-02.2,Periodic Audits,"Mechanisms exist to conduct periodic audits of security, compliance and resilience controls to evaluate conformity with the organization's documented policies, standards and procedures."
CPL-02.3,Corrective Action,"Mechanisms exist to take corrective action to remediate instances of non-conformity with applicable statutory, regulatory, and/or contractual compliance obligations."
CPL-03,Control Conformity Monitoring,"Mechanisms exist to validate that Technology Assets, Applications, Services and/or Data (TAASD) conform to the organization's security, compliance and/or resilience policies, standards and other applicable requirements."
CPL-03.1,Independent Assessors,"Mechanisms exist to utilize independent assessors to evaluate security, compliance and resilience at planned intervals or when the Technology Asset, Application and/or Service (TAAS) undergoes significant changes."
CPL-03.2,"Functional Review Of Security, Compliance & Resilience Controls","Mechanisms exist to regularly review Technology Assets, Applications and/or Services (TAAS) for adherence to the organization's security, compliance and/or resilience policies and standards."
CPL-03.3,Assessor Access,"Mechanisms exist to grant assessors minimum necessary access to conduct conformity assessments, including:
(1) Logical access to design, development, production, inspection and testing artifacts; and
(2) Physical access to facilities."
CPL-03.4,Assessment Methods,Mechanisms exist to define acceptable methods to conduct a cybersecurity and/or data protection assessment.
CPL-03.5,Assessment Rigor,Mechanisms exist to define the level of assessment rigor necessary to conduct a cybersecurity and/or data protection assessment.
CPL-03.6,Evidence Request List (ERL),Mechanisms exist to define an Evidence Request List (ERL) prior to the start of a cybersecurity and/or data protection assessment.
CPL-03.7,Evidence Sampling,Mechanisms exist to define evidence sampling criteria for cybersecurity and/or data protection assessments.
CPL-03.8,Continuous Control Monitoring (CCM),"Automated mechanisms exist to perform Continuous Control Monitoring (CCM) to assess and report the conformity status of the organization’s Technology Assets, Applications, Services and Data (TAASD) against applicable security, compliance and resilience controls."
CPL-04,Audit Activities,Mechanisms exist to thoughtfully plan audits by including input from operational risk and compliance partners to minimize the impact of audit-related activities on business operations.
CPL-05,Legal Assessment of Investigative Inquires,"Mechanisms exist to determine whether a government agency has an applicable and valid legal basis to request data from the organization and what further steps need to be taken, if necessary."
CPL-05.1,Investigation Request Notifications,"Mechanisms exist to notify customers about investigation request notifications, unless the applicable legal basis for a government agency's action prohibits notification (e.g., potential criminal prosecution)."
CPL-05.2,Investigation Access Restrictions,"Mechanisms exist to support official investigations by provisioning government investigators with ""least privileges"" and ""least functionality"" to ensure that government investigators only have access to the Technology Assets, Applications, Services and/or Data (TAASD) needed to perform the investigation."
CPL-06,Government Surveillance,"Mechanisms exist to constrain the host government from having unrestricted and non-monitored access to the organization's Technology Assets, Applications, Services and/or Data (TAASD) that could potentially violate other applicable statutory, regulatory and/or contractual obligations."
CPL-07,Grievances,Mechanisms exist to govern the intake and analysis of grievances related to the organization's cybersecurity and/or data protection practices.
CPL-07.1,Grievance Response,Mechanisms exist to respond to legitimate grievances related to the organization's cybersecurity and/or data protection practices.
CPL-08,Localized Representation,"Mechanisms exist to appoint localized representation with a physical presence in localities, as required by applicable laws and/or regulations."
CPL-08.1,Representative Powers,Mechanisms exist to contract localized representation to perform specified functions in regard to representing statutory and/or regulatory compliance matters.
CPL-09,Control Reciprocity,Mechanisms exist to define instances of control reciprocity within assessment boundaries.
CPL-10,Control Inheritance,Mechanisms exist to define instances of control inheritance within assessment boundaries.
CPL-11,Dual Use Technology,"Mechanisms exist to govern technologies and/or data that have potential:
(1) ""Dual-use” capabilities for civil and military;
(2) Use by terrorists; and/or
(3) Weapons of Mass Destruction (WMD) applications."
CPL-11.1,USML or CCL Identification,"Mechanisms exist to identify if the organization handles United States Munitions List (USML) or Commerce Control List (CCL):
(1) Items;
(2) Technical data; and/or
(3) Provides defense services."
CPL-11.2,Export-Controlled Access Restrictions,"Mechanisms exist to restrict logical and physical access to United States (US) export-controlled data to US:
(1) Citizens; and/or
(2) Green Card holders."
CPL-11.3,Export Activities Documentation,"Mechanisms exist to generate detailed logs of export-controlled data including:
(1) Logical and physical access; and
(2) Export activities."
CPL-12,Statement of Applicability (SOA),"Mechanisms exist to produce a Statement of Applicability (SOA), or similar document, for compliance-related scoping activities."
CPL-13,Work Products,"Mechanisms exist to produce work products (e.g., process artifacts) that demonstrate the ability to comply with applicable requirements."
CPL-13.1,Defensible Evidence of Due Diligence,"Mechanisms exist to produce evidence of due diligence activities performed, capable of withstanding external audit or regulatory scrutiny."
CPL-13.2,Defensible Evidence of Due Care,"Mechanisms exist to produce evidence of due care activities performed, capable of withstanding external audit or regulatory scrutiny."
CFG-01,Configuration Management Program,Mechanisms exist to facilitate the implementation of configuration management controls.
CFG-01.1,Assignment of Responsibility,Mechanisms exist to implement a segregation of duties for configuration management that prevents developers from performing production configuration management duties.
CFG-02,Secure Baseline Configurations,"Mechanisms exist to develop, document and maintain secure baseline configurations for Technology Assets, Applications and/or Services (TAAS) that are consistent with industry-accepted system hardening standards."
CFG-02.1,Reviews & Updates,"Mechanisms exist to review and update baseline configurations:
(1) At least annually;
(2) When required due to so; or
(3) As part of system component installations and upgrades."
CFG-02.2,Automated Central Management & Verification,"Automated mechanisms exist to govern and report on baseline configurations of Technology Assets, Applications and/or Services (TAAS) through Continuous Diagnostics and Mitigation (CDM), or similar technologies."
CFG-02.3,Retention Of Previous Configurations,Mechanisms exist to retain previous versions of baseline configuration to support roll back.
CFG-02.4,Development & Test Environment Configurations,Mechanisms exist to manage baseline configurations for development and test environments separately from operational baseline configurations to minimize the risk of unintentional changes.
CFG-02.5,"Configure Technology Assets, Applications and/or Services (TAAS) for High-Risk Areas","Mechanisms exist to configure Technology Assets, Applications and/or Services (TAAS) utilized in high-risk areas with more restrictive baseline configurations."
CFG-02.6,Network Device Configuration File Synchronization,Mechanisms exist to configure network devices to synchronize startup and running configuration files.
CFG-02.7,Approved Configuration Deviations,"Mechanisms exist to document, assess risk and approve or deny deviations to standardized configurations."
CFG-02.8,Respond To Unauthorized Changes,Mechanisms exist to respond to unauthorized changes to configuration settings as security incidents.
CFG-02.9,Baseline Tailoring,"Mechanisms exist to allow baseline controls to be specialized or customized by applying a defined set of tailoring actions that are specific to:
(1) Mission / business functions;
(2) Operational environment;
(3) Specific threats or vulnerabilities; or
(4) Other conditions or situations that could affect mission / business success."
CFG-03,Least Functionality,"Mechanisms exist to configure systems to provide only essential capabilities by specifically prohibiting or restricting the use of ports, protocols, and/or services."
CFG-03.1,Periodic Review,"Mechanisms exist to periodically review system configurations to identify and disable unnecessary and/or non-secure functions, ports, protocols and services."
CFG-03.2,Prevent Unauthorized Software Execution,Mechanisms exist to configure systems to prevent the execution of unauthorized software programs.
CFG-03.3,Explicitly Allow / Deny Applications,Mechanisms exist to explicitly allow (allowlist / whitelist) and/or block (denylist / blacklist) applications that are authorized to execute on systems.
CFG-03.4,Split Tunneling,Mechanisms exist to prevent split tunneling for remote devices unless the split tunnel is securely provisioned using organization-defined safeguards.
CFG-04,Software Usage Restrictions,Mechanisms exist to enforce software usage restrictions to comply with applicable contract agreements and copyright laws.
CFG-04.1,Open Source Software,Mechanisms exist to establish parameters for the secure use of open source software.
CFG-04.2,Unsupported Internet Browsers & Email Clients,Mechanisms exist to allow only approved Internet browsers and email clients to run on systems.
CFG-05,User-Installed Software,Mechanisms exist to restrict the ability of non-privileged users to install unauthorized software.
CFG-05.1,Unauthorized Installation Alerts,Mechanisms exist to configure systems to generate an alert when the unauthorized installation of software is detected.
CFG-05.2,Restrict Roles Permitted To Install Software,"Mechanisms exist to configure systems to prevent the installation of software, unless the action is performed by a privileged user or service."
CFG-06,Configuration Enforcement,"Automated mechanisms exist to monitor, enforce and report on configurations for endpoint devices."
CFG-06.1,Integrity Assurance & Enforcement (IAE),Automated mechanisms exist to identify unauthorized deviations from an approved baseline and implement automated resiliency actions to remediate the unauthorized change.
CFG-07,Zero-Touch Provisioning (ZTP),"Mechanisms exist to implement Zero-Touch Provisioning (ZTP), or similar technology, to automatically and securely configure devices upon being added to a network."
CFG-08,Sensitive / Regulated Data Access Enforcement,"Mechanisms exist to configure Technology Assets, Applications and/or Services (TAAS) to restrict access to sensitive and/or regulated data."
CFG-08.1,Sensitive / Regulated Data Actions,"Automated mechanisms exist to generate event logs whenever sensitive and/or regulated data is collected, created, updated, deleted and/or archived."
CFG-09,Production Software Repository,Mechanisms exist to maintain an authoritative repository for production software.
CFG-09.1,Third-Party Libraries,Mechanisms exist to restrict the use and import of third-party libraries and/or software components to trustworthy sources.
CFG-09.2,Software Repository Protections,"Mechanisms exist to protect software repositories from importing untrusted and/or malicious software artifacts by:
(1) Scanning artifacts for malicious content;
(2) Verifying a digital signature or secure hash provided over a secure channel; and
(3) Scanning artifacts to identify plain text or encoded secrets and keys."
CFG-09.3,Software Development Repository,Mechanisms exist to maintain an authoritative repository for software development activities that is separate from production software.
MON-01,Continuous Monitoring,Mechanisms exist to facilitate the implementation of enterprise-wide monitoring controls.
MON-01.1,Intrusion Detection & Prevention Systems (IDS & IPS),"Mechanisms exist to implement Intrusion Detection / Prevention Systems (IDS / IPS) technologies on critical systems, key network segments and network choke points."
MON-01.2,Automated Tools for Real-Time Analysis,"Mechanisms exist to utilize a Security Incident Event Manager (SIEM), or similar automated tool, to support near real-time analysis and incident escalation."
MON-01.3,Inbound & Outbound Communications Traffic,Mechanisms exist to continuously monitor inbound and outbound communications traffic for unusual or unauthorized activities or conditions.
MON-01.4,System Generated Alerts,"Mechanisms exist to generate, monitor, correlate and respond to alerts from physical, cybersecurity, data protection and supply chain activities to achieve integrated situational awareness."
MON-01.5,Wireless Network Monitoring,"Mechanisms exist to monitor wireless network segments for:
(1) Rogue wireless devices; and
(2) Anomalous and/or hostile activities."
MON-01.6,Host-Based Devices,"Mechanisms exist to utilize Host-based Intrusion Detection / Prevention Systems (HIDS / HIPS) to actively alert on or block unwanted activities and send logs to a Security Incident Event Manager (SIEM), or similar automated tool, to maintain situational awareness."
MON-01.7,File Integrity Monitoring (FIM),"Mechanisms exist to utilize a File Integrity Monitor (FIM), or similar change-detection technology, on critical Technology Assets, Applications and/or Services (TAAS) to generate alerts for unauthorized modifications."
MON-01.8,Security Event Monitoring,Mechanisms exist to review event logs on an ongoing basis and escalate incidents in accordance with established timelines and procedures.
MON-01.9,Proxy Logging,"Mechanisms exist to log all Internet-bound requests, in order to identify prohibited activities and assist incident handlers with identifying potentially compromised systems."
MON-01.10,Deactivated Account Activity,Mechanisms exist to monitor deactivated accounts for attempted usage.
MON-01.11,Automated Response to Suspicious Events,Automated mechanisms exist to implement pre-determined corrective actions in response to detected events that have security incident implications.
MON-01.12,Automated Alerts,Mechanisms exist to automatically alert incident response personnel to inappropriate or anomalous activities that have potential security incident implications.
MON-01.13,Alert Threshold Tuning,"Mechanisms exist to ""tune"" event monitoring technologies through analyzing communications traffic/event patterns and developing profiles representing common traffic patterns and/or events."
MON-01.14,Individuals Posing Greater Risk,Mechanisms exist to implement enhanced activity monitoring for individuals who have been identified as posing an increased level of risk.
MON-01.15,Privileged User Oversight,Mechanisms exist to implement enhanced activity monitoring for privileged users.
MON-01.16,Analyze and Prioritize Monitoring Requirements,"Mechanisms exist to assess the organization's needs for monitoring and prioritize the monitoring of Technology Assets, Applications and/or Services (TAAS), based on TAAS criticality and the sensitivity of the data it stores, transmits and processes."
MON-01.17,Real-Time Session Monitoring,"Mechanisms exist to enable authorized personnel the ability to remotely view and hear content related to an established user session in real time, in accordance with organizational standards, as well as statutory, regulatory and contractual obligations."
MON-02,Centralized Collection of Security Event Logs,"Mechanisms exist to utilize a Security Incident Event Manager (SIEM), or similar automated tool, to support the centralized collection of security-related event logs."
MON-02.1,Correlate Monitoring Information,"Automated mechanisms exist to correlate both technical and non-technical information from across the enterprise by a Security Incident Event Manager (SIEM) or similar automated tool, to enhance organization-wide situational awareness."
MON-02.2,Central Review & Analysis,"Automated mechanisms exist to centrally collect, review and analyze audit records from multiple sources."
MON-02.3,Integration of Scanning & Other Monitoring Information,"Automated mechanisms exist to integrate the analysis of audit records with analysis of vulnerability scanners, network performance, system monitoring and other sources to further enhance the ability to identify inappropriate or unusual activity."
MON-02.4,Correlation with Physical Monitoring,"Automated mechanisms exist to correlate information from audit records with information obtained from monitoring physical access to further enhance the ability to identify suspicious, inappropriate, unusual or malevolent activity."
MON-02.5,Permitted Actions,"Mechanisms exist to specify the permitted actions for both users and Technology Assets, Applications and/or Services (TAAS) associated with the review, analysis and reporting of audit information."
MON-02.6,Audit Level Adjustments,"Mechanisms exist to adjust the level of audit review, analysis and reporting based on evolving threat information from law enforcement, industry associations or other credible sources of threat intelligence."
MON-02.7,System-Wide / Time-Correlated Audit Trail,Automated mechanisms exist to compile audit records into an organization-wide audit trail that is time-correlated.
MON-02.8,Changes by Authorized Individuals,"Mechanisms exist to provide privileged users or roles the capability to change the auditing to be performed on specified system components, based on specific event criteria within specified time thresholds."
MON-02.9,Inventory of Technology Asset Event Logging,"Mechanisms exist to maintain a current and accurate inventory of technology-related Technology Assets, Applications and/or Services (TAAS) being logged."
MON-03,Content of Event Logs,"Mechanisms exist to configure Technology Assets, Applications and/or Services (TAAS) to produce event logs that contain sufficient information to, at a minimum:
(1) Establish what type of event occurred;
(2) When (date and time) the event occurred;
(3) Where the event occurred;
(4) The source of the event;
(5) The outcome (success or failure) of the event; and
(6) The identity of any user/subject associated with the event."
MON-03.1,Sensitive Event Log Information,Mechanisms exist to protect sensitive and/or regulated data contained in log files.
MON-03.2,Audit Trails,Mechanisms exist to link system access to individual users or service accounts.
MON-03.3,Privileged Functions Logging,Mechanisms exist to log and review the actions of users and/or services with elevated privileges.
MON-03.4,Verbosity Logging for Boundary Devices,"Mechanisms exist to verbosely log all traffic (both allowed and blocked) arriving at network boundary devices, including firewalls, Intrusion Detection / Prevention Systems (IDS/IPS) and inbound and outbound proxies."
MON-03.5,Limit Personal Data (PD) In Audit Records,Mechanisms exist to limit Personal Data (PD) contained in audit records to the elements identified in the Data Privacy Risk Assessment (DPRA).
MON-03.6,Centralized Management of Event Log Content,Mechanisms exist to centrally manage and update the criteria to be captured in event logs generated by organization-defined system components.
MON-03.7,Database Logging,Mechanisms exist to ensure databases produce audit records that contain sufficient information to monitor database activities.
MON-04,Event Log Storage Capacity,Mechanisms exist to allocate and proactively manage sufficient event log storage capacity to reduce the likelihood of such capacity being exceeded.
MON-05,Response To Event Log Processing Failures,Mechanisms exist to alert appropriate personnel in the event of a log processing failure and take actions to remedy the disruption.
MON-05.1,Real-Time Alerts of Event Logging Failure,Mechanisms exist to provide 24x7x365 near real-time alerting capability when an event log processing failure occurs.
MON-05.2,Event Log Storage Capacity Alerting,Automated mechanisms exist to alert appropriate personnel when the allocated volume reaches an organization-defined percentage of maximum event log storage capacity.
MON-06,Monitoring Reporting,Mechanisms exist to provide an event log report generation capability to aid in detecting and assessing anomalous activities.
MON-06.1,Query Parameter Audits of Personal Data (PD),Mechanisms exist to provide and implement the capability for auditing the parameters of user query events for data sets containing Personal Data (PD).
MON-06.2,Trend Analysis Reporting,"Mechanisms exist to employ trend analyses to determine if security control implementations, the frequency of continuous monitoring activities, and/or the types of activities used in the continuous monitoring process need to be modified based on empirical data."
MON-07,Time Stamps,"Mechanisms exist to configure Technology Assets, Applications and/or Services (TAAS) to use an authoritative time source to generate time stamps for event logs."
MON-07.1,Synchronization With Authoritative Time Source,Mechanisms exist to synchronize internal system clocks with an authoritative time source.
MON-08,Protection of Event Logs,"Mechanisms exist to protect event logs and audit tools from unauthorized access, modification and deletion."
MON-08.1,Event Log Backup on Separate Physical Systems / Components,Mechanisms exist to back up event logs onto a physically different system or system component than the Security Incident Event Manager (SIEM) or similar automated tool.
MON-08.2,Access by Subset of Privileged Users,Mechanisms exist to restrict access to the management of event logs to privileged users with a specific business need.
MON-08.3,Cryptographic Protection of Event Log Information,Cryptographic mechanisms exist to protect the integrity of event logs and audit tools.
MON-08.4,Dual Authorization for Event Log Movement,Automated mechanisms exist to enforce dual authorization for the movement or deletion of event logs.
MON-09,Non-Repudiation,Mechanisms exist to utilize a non-repudiation capability to protect against an individual falsely denying having performed a particular action.
MON-09.1,Identity Binding,Mechanisms exist to bind the identity of the information producer to the information generated.
MON-10,Event Log Retention,"Mechanisms exist to retain event logs for a time period consistent with records retention requirements to provide support for after-the-fact investigations of security incidents and to meet statutory, regulatory and contractual retention requirements."
MON-11,Monitoring For Information Disclosure,Mechanisms exist to monitor for evidence of unauthorized exfiltration or disclosure of non-public information.
MON-11.1,Analyze Traffic for Covert Exfiltration,Automated mechanisms exist to analyze network traffic to detect covert data exfiltration.
MON-11.2,Unauthorized Network Services,Automated mechanisms exist to detect unauthorized network services and alert incident response personnel.
MON-11.3,Monitoring for Indicators of Compromise (IOC),Automated mechanisms exist to identify and alert on Indicators of Compromise (IoC).
MON-12,Session Audit,"Mechanisms exist to provide session audit capabilities that can:
(1) Capture and log all content related to a user session; and
(2) Remotely view all content related to an established user session in real time."
MON-13,Alternate Event Logging Capability,Mechanisms exist to provide an alternate event logging capability in the event of a failure in primary audit capability.
MON-14,Cross-Organizational Monitoring,"Mechanisms exist to coordinate sanitized event logs among external organizations to identify anomalous events when event logs are shared across organizational boundaries, without giving away sensitive or critical business data."
MON-14.1,Sharing of Event Logs,Mechanisms exist to share event logs with third-party organizations based on specific cross-organizational sharing agreements.
MON-15,Covert Channel Analysis,Mechanisms exist to conduct covert channel analysis to identify aspects of communications that are potential avenues for covert channels.
MON-16,Anomalous Behavior,Mechanisms exist to utilize User & Entity Behavior Analytics (UEBA) and/or User Activity Monitoring (UAM) solutions to detect and respond to anomalous behavior that could indicate account compromise or other malicious activities.
MON-16.1,Insider Threats,Mechanisms exist to monitor internal personnel activity for potential security incidents.
MON-16.2,Third-Party Threats,Mechanisms exist to monitor third-party personnel activity for potential security incidents.
MON-16.3,Unauthorized Activities,"Mechanisms exist to monitor for unauthorized activities, accounts, connections, devices and software."
MON-16.4,Account Creation and Modification Logging,Automated mechanisms exist to generate event logs for permissions changes to privileged accounts and/or groups.
MON-17,Event Log Analysis & Triage,Mechanisms exist to ensure event log reviews include analysis and triage practices that integrate with the organization's established incident response processes.
MON-17.1,Event Log Review Escalation Matrix,Mechanisms exist to make event log review processes more efficient and effective by developing and maintaining an incident response escalation matrix.
MON-18,File Activity Monitoring (FAM),"Automated mechanisms exist to monitor sensitive and/or regulated data in Technology Assets, Applications and/or Services (TAAS) and data repositories."
MON-19,Write Once Read Many (WORM) Event Log Generation,"Mechanisms exist to produce event logs on hardware-enforced, write-once media (e.g., Write Once Read Many (WORM) technologies)."
CRY-01,Use of Cryptographic Controls,Mechanisms exist to facilitate the implementation of cryptographic protections controls using known public standards and trusted cryptographic technologies.
CRY-01.1,Alternate Physical Protection,Cryptographic mechanisms exist to prevent unauthorized disclosure of information as an alternative to physical safeguards.
CRY-01.2,Export-Controlled Cryptography,Mechanisms exist to address the exporting of cryptographic technologies in compliance with relevant statutory and regulatory requirements.
CRY-01.3,Pre/Post Transmission Handling,Cryptographic mechanisms exist to ensure the confidentiality and integrity of information during preparation for transmission and during reception.
CRY-01.4,Conceal / Randomize Communications,Cryptographic mechanisms exist to conceal or randomize communication patterns.
CRY-01.5,Cryptographic Cipher Suites and Protocols Inventory,"Mechanisms exist to identify, document and review deployed cryptographic cipher suites and protocols to proactively respond to industry trends regarding the continued viability of utilized cryptographic cipher suites and protocols."
CRY-02,Automated Authentication Through Cryptographic Modules,Automated mechanisms exist to enable systems to authenticate to a cryptographic module.
CRY-03,Transmission Confidentiality,Cryptographic mechanisms exist to protect the confidentiality of data being transmitted.
CRY-04,Transmission Integrity,Cryptographic mechanisms exist to protect the integrity of data being transmitted.
CRY-05,Encrypting Data At Rest,Cryptographic mechanisms exist to prevent unauthorized disclosure of data at rest.
CRY-05.1,Storage Media,Cryptographic mechanisms exist to protect the confidentiality and integrity of sensitive and/or regulated data residing on storage media.
CRY-05.2,Offline Storage,Mechanisms exist to remove unused data from online storage and archive it off-line in a secure location until it can be disposed of according to data retention requirements.
CRY-05.3,Database Encryption,Mechanisms exist to ensure that database servers utilize encryption to protect the confidentiality of the data within the databases.
CRY-06,Non-Console Administrative Access,Cryptographic mechanisms exist to protect the confidentiality and integrity of non-console administrative access.
CRY-07,Wireless Access Authentication & Encryption,Mechanisms exist to protect the confidentiality and integrity of wireless networking technologies by implementing authentication and strong encryption.
CRY-08,Public Key Infrastructure (PKI),Mechanisms exist to securely implement an internal Public Key Infrastructure (PKI) infrastructure or obtain PKI services from a reputable PKI service provider.
CRY-08.1,Availability,Resiliency mechanisms exist to ensure the availability of data in the event of the loss of cryptographic keys.
CRY-09,Cryptographic Key Management,"Mechanisms exist to facilitate cryptographic key management controls to protect the confidentiality, integrity and availability of keys."
CRY-09.1,Symmetric Keys,Mechanisms exist to facilitate the production and management of symmetric cryptographic keys using Federal Information Processing Standards (FIPS)-compliant key management technology and processes.
CRY-09.2,Asymmetric Keys,Mechanisms exist to facilitate the production and management of asymmetric cryptographic keys using Federal Information Processing Standards (FIPS)-compliant key management technology and processes that protect the user’s private key.
CRY-09.3,Cryptographic Key Loss or Change,Mechanisms exist to ensure the availability of information in the event of the loss of cryptographic keys by individual users.
CRY-09.4,Control & Distribution of Cryptographic Keys,Mechanisms exist to facilitate the secure distribution of symmetric and asymmetric cryptographic keys using industry recognized key management technology and processes.
CRY-09.5,Assigned Owners,Mechanisms exist to ensure cryptographic keys are bound to individual identities.
CRY-09.6,Third-Party Cryptographic Keys,Mechanisms exist to ensure customers are provided with appropriate key management guidance whenever cryptographic keys are shared.
CRY-09.7,External System Cryptographic Key Control,Mechanisms exist to maintain control of cryptographic keys for encrypted material stored or transmitted through an external system.
CRY-10,Transmission of Cybersecurity & Data Protection Attributes,"Mechanisms exist to associate Technology Assets, Applications and/or Services (TAAS) security attributes with information exchanged between TAAS."
CRY-11,Certificate Authorities,Automated mechanisms exist to enable the use of organization-defined Certificate Authorities (CAs) to facilitate the establishment of protected sessions.
CRY-12,Certificate Monitoring,Automated mechanisms exist to discover when new certificates are issued for organization-controlled domains.
CRY-13,Cryptographic Hash,Mechanisms exist to utilize hash algorithms to generate a hash value that can be used to validate the integrity of data and/or software.
DCH-01,Data Protection,Mechanisms exist to facilitate the implementation of data protection controls.
DCH-01.1,Data Stewardship,"Mechanisms exist to ensure data stewardship is assigned, documented and communicated."
DCH-01.2,Sensitive / Regulated Data Protection,Mechanisms exist to protect sensitive and/or regulated data wherever it is processed and/or stored.
DCH-01.3,Sensitive / Regulated Media Records,Mechanisms exist to ensure media records for sensitive and/or regulated data contain sufficient information to determine the potential impact in the event of a data loss incident.
DCH-01.4,Defining Access Authorizations for Sensitive / Regulated Data,Mechanisms exist to explicitly define authorizations for specific individuals and/or roles for logical and /or physical access to sensitive and/or regulated data.
DCH-02,Data & Asset Classification,"Mechanisms exist to ensure data and assets are categorized in accordance with applicable statutory, regulatory and contractual requirements."
DCH-02.1,Highest Classification Level,"Mechanisms exist to ensure that Technology Assets, Applications and/or Services (TAAS) are classified according to the highest level of data sensitivity that is stored, transmitted and/or processed."
DCH-03,Media Access,Mechanisms exist to control and restrict access to digital and non-digital media to authorized individuals.
DCH-03.1,Disclosure of Information,Mechanisms exist to restrict the disclosure of sensitive and/or regulated data to authorized parties with a need to know.
DCH-03.2,Masking Displayed Data,Mechanisms exist to apply data masking to sensitive and/or regulated information that is displayed or printed.
DCH-03.3,Controlled Release,"Automated mechanisms exist to validate cybersecurity and data protection attributes prior to releasing information to external Technology Assets, Applications and/or Services (TAAS)."
DCH-04,Media Marking,"Mechanisms exist to mark media in accordance with data protection requirements so that personnel are alerted to distribution limitations, handling caveats and applicable security requirements."
DCH-04.1,Automated Marking,"Automated mechanisms exist to mark physical media and digital files to indicate the distribution limitations, handling requirements and applicable security markings (if any) of the information to aid Data Loss Prevention (DLP) technologies."
DCH-05,Cybersecurity & Data Protection Attributes,"Mechanisms exist to bind cybersecurity and data protection attributes to information as it is stored, transmitted and processed."
DCH-05.1,Dynamic Attribute Association,"Mechanisms exist to dynamically associate cybersecurity and data protection attributes with individuals and objects as information is created, combined, or transformed, in accordance with organization-defined cybersecurity and data protection policies."
DCH-05.2,Attribute Value Changes By Authorized Individuals,Mechanisms exist to provide authorized individuals (or processes acting on behalf of individuals) the capability to define or change the value of associated cybersecurity and data protection attributes.
DCH-05.3,Maintenance of Attribute Associations By System,Mechanisms exist to maintain the association and integrity of cybersecurity and data protection attributes to individuals and objects.
DCH-05.4,Association of Attributes By Authorized Individuals,Mechanisms exist to provide the capability to associate cybersecurity and data protection attributes with individuals and objects by authorized individuals (or processes acting on behalf of individuals).
DCH-05.5,Attribute Displays for Output Devices,"Mechanisms exist to display cybersecurity and data protection attributes in human-readable form on each object that the system transmits to output devices to identify special dissemination, handling or distribution instructions using human-readable, standard naming conventions."
DCH-05.6,Data Subject Attribute Associations,Mechanisms exist to require personnel to associate and maintain the association of cybersecurity and data protection attributes with individuals and objects in accordance with cybersecurity and data protection policies.
DCH-05.7,Consistent Attribute Interpretation,"Mechanisms exist to provide a consistent, organizationally agreed upon interpretation of cybersecurity and data protection attributes employed in access enforcement and flow enforcement decisions between distributed system components."
DCH-05.8,Identity Association Techniques & Technologies,Mechanisms exist to associate cybersecurity and data protection attributes to information.
DCH-05.9,Attribute Reassignment,"Mechanisms exist to reclassify data as required, due to changing business/technical requirements."
DCH-05.10,Attribute Configuration By Authorized Individuals,Mechanisms exist to provide authorized individuals the capability to define or change the type and value of cybersecurity and data protection attributes available for association with subjects and objects.
DCH-05.11,Audit Changes,Mechanisms exist to audit changes to cybersecurity and data protection attributes and responds to events in accordance with incident response procedures.
DCH-06,Media Storage,"Mechanisms exist to:
(1) Physically control and securely store digital and non-digital media within controlled areas using organization-defined security measures; and
(2) Protect system media until the media are destroyed or sanitized using approved equipment, techniques and procedures."
DCH-06.1,Physically Secure All Media,Mechanisms exist to physically secure all media that contains sensitive information.
DCH-06.2,Sensitive Data Inventories,Mechanisms exist to maintain inventory logs of all sensitive media and conduct sensitive media inventories at least annually.
DCH-06.3,Periodic Scans for Sensitive / Regulated Data,"Mechanisms exist to periodically scan unstructured data sources for sensitive and/or regulated data or data requiring special protection measures by statutory, regulatory or contractual obligations."
DCH-06.4,Making Sensitive Data Unreadable In Storage,Mechanisms exist to ensure sensitive and/or regulated data is rendered human unreadable anywhere sensitive and/or regulated data is stored.
DCH-06.5,Storing Authentication Data,Mechanisms exist to prohibit the storage of sensitive transaction authentication data after authorization.
DCH-07,Media Transportation,Mechanisms exist to protect and control digital and non-digital media during transport outside of controlled areas using appropriate security measures.
DCH-07.1,Custodians,Mechanisms exist to identify custodians throughout the transport of digital or non-digital media.
DCH-07.2,Encrypting Data In Storage Media,Cryptographic mechanisms exist to protect the confidentiality and integrity of information stored on digital media during transport outside of controlled areas.
DCH-08,Physical Media Disposal,"Mechanisms exist to securely dispose of media when it is no longer required, using formal procedures."
DCH-09,System Media Sanitization,"Mechanisms exist to sanitize system media with the strength and integrity commensurate with the classification or sensitivity of the information prior to disposal, release out of organizational control or release for reuse."
DCH-09.1,System Media Sanitization Documentation,"Mechanisms exist to supervise, track, document and verify system media sanitization and disposal actions."
DCH-09.2,Equipment Testing,Mechanisms exist to test sanitization equipment and procedures to verify that the intended result is achieved.
DCH-09.3,Sanitization of Personal Data (PD),Mechanisms exist to facilitate the sanitization of Personal Data (PD).
DCH-09.4,First Time Use Sanitization,Mechanisms exist to apply nondestructive sanitization techniques to portable storage devices prior to first use.
DCH-09.5,Dual Authorization for Sensitive Data Destruction,"Mechanisms exist to enforce dual authorization for the destruction, disposal or sanitization of digital media that contains sensitive and/or regulated data."
DCH-10,Media Use,Mechanisms exist to restrict the use of types of digital media on systems or system components.
DCH-10.1,Limitations on Use,Mechanisms exist to restrict the use and distribution of sensitive and/or regulated data.
DCH-10.2,Prohibit Use Without Owner,Mechanisms exist to prohibit the use of portable storage devices in organizational systems when such devices have no identifiable owner.
DCH-11,Data Reclassification,"Mechanisms exist to reclassify data, including associated Technology Assets, Applications and/or Services (TAAS), commensurate with the security category and/or classification level of the information."
DCH-12,Removable Media Security,Mechanisms exist to restrict removable media in accordance with data handling and acceptable usage parameters.
DCH-13,"Use of External Technology Assets, Applications and/or Services (TAAS)","Mechanisms exist to govern how external parties, including Technology Assets, Applications and/or Services (TAAS), are used to securely store, process and transmit data."
DCH-13.1,Limits of Authorized Use,"Mechanisms exist to prohibit external parties, including Technology Assets, Applications and/or Services (TAAS), from storing, processing and transmitting data unless authorized individuals first:
(1) Verifying the implementation of required security, compliance and/or resilience controls; or
(2) Retaining a processing agreement with the entity hosting the external TAAS."
DCH-13.2,Portable Storage Devices,Mechanisms exist to restrict or prohibit the use of portable storage devices by users on external systems.
DCH-13.3,"Protecting Sensitive / Regulated Data on External Technology Assets, Applications and/or Services (TAAS)","Mechanisms exist to ensure that the requirements for the protection of sensitive and/or regulated data processed, stored or transmitted on external Technology Assets, Applications and/or Services (TAAS), are implemented in accordance with applicable statutory, regulatory and contractual obligations."
DCH-13.4,"Non-Organizationally Owned Technology Assets, Applications and/or Services (TAAS)","Mechanisms exist to restrict the use of non-organizationally owned Technology Assets, Applications and/or Services (TAAS) to process, store or transmit organizational information."
DCH-14,Information Sharing,Mechanisms exist to utilize a process to assist users in making information sharing decisions to ensure data is appropriately protected.
DCH-14.1,Information Search & Retrieval,"Mechanisms exist to ensure Technology Assets, Applications and/or Services (TAAS) implement data search and retrieval functions that properly enforce data protection / sharing restrictions."
DCH-14.2,Transfer Authorizations,"Mechanisms exist to verify that individuals or Technology Assets, Applications and/or Services (TAAS) transferring data between interconnecting TAAS have the requisite authorizations (e.g., write permissions or privileges) prior to transferring said data."
DCH-14.3,Data Access Mapping,Mechanisms exist to leverage data-specific Access Control Lists (ACL) or Interconnection Security Agreements (ISAs) to generate a logical map of the parties with whom sensitive and/or regulated data is shared.
DCH-15,Publicly Accessible Content,Mechanisms exist to control publicly-accessible content.
DCH-16,Data Mining Protection,Mechanisms exist to protect data storage objects against unauthorized data mining and data harvesting techniques.
DCH-17,Ad-Hoc Transfers,Mechanisms exist to secure ad-hoc exchanges of large digital files with internal or external parties.
DCH-18,Media & Data Retention,"Mechanisms exist to retain media and data in accordance with applicable statutory, regulatory and contractual obligations."
DCH-18.1,Minimize Sensitive / Regulated Data,"Mechanisms exist to minimize sensitive and/or regulated data that is collected, received, processed, stored and/or transmitted throughout the information lifecycle to only those elements necessary to support necessary business processes."
DCH-18.2,"Limit Sensitive / Regulated Data In Testing, Training & Research","Mechanisms exist to minimize the use of sensitive and/or regulated data for research, testing, or training, in accordance with authorized, legitimate business practices."
DCH-18.3,Temporary Files Containing Personal Data (PD),Mechanisms exist to perform periodic checks of temporary files for the existence of Personal Data (PD).
DCH-19,Geographic Location of Data,"Mechanisms exist to inventory, document and maintain data flows for data that is resident (permanently or temporarily) within a service's geographically distributed applications (physical and virtual), infrastructure, systems components and/or shared with other third-parties."
DCH-20,Archived Data Sets,"Mechanisms exist to protect archived data in accordance with applicable statutory, regulatory and contractual obligations."
DCH-21,Information Disposal,"Mechanisms exist to securely dispose of, destroy or erase information."
DCH-22,Data Quality Operations,"Mechanisms exist to check for Redundant, Obsolete/Outdated, Toxic or Trivial (ROTT) data to ensure the accuracy, relevance, timeliness, impact, completeness and de-identification of information throughout the information lifecycle."
DCH-22.1,Updating & Correcting Personal Data (PD),"Mechanisms exist to utilize technical controls to correct Personal Data (PD) that is inaccurate or outdated, incorrectly determined regarding impact, or incorrectly de-identified."
DCH-22.2,Data Tags,Mechanisms exist to utilize data tags to automate tracking of sensitive and/or regulated data across the information lifecycle.
DCH-22.3,Primary Source Personal Data (PD) Collection,Mechanisms exist to collect Personal Data (PD) directly from the individual.
DCH-23,De-Identification (Anonymization),Mechanisms exist to anonymize data by removing Personal Data (PD) from datasets.
DCH-23.1,De-Identify Dataset Upon Collection,Mechanisms exist to de-identify the dataset upon collection by not collecting Personal Data (PD).
DCH-23.2,Archiving,Mechanisms exist to refrain from archiving Personal Data (PD) elements if those elements in a dataset will not be needed after the dataset is archived.
DCH-23.3,Release,Mechanisms exist to remove Personal Data (PD) elements from a dataset prior to its release if those elements in the dataset do not need to be part of the data release.
DCH-23.4,"Removal, Masking, Encryption, Hashing or Replacement of Direct Identifiers","Mechanisms exist to remove, mask, encrypt, hash or replace direct identifiers in a dataset."
DCH-23.5,Statistical Disclosure Control,"Mechanisms exist to manipulate numerical data, contingency tables and statistical findings so that no person or organization is identifiable in the results of the analysis."
DCH-23.6,Differential Data Privacy,Mechanisms exist to prevent disclosure of Personal Data (PD) by adding non-deterministic noise to the results of mathematical operations before the results are reported.
DCH-23.7,Automated De-Identification of Sensitive Data,"Mechanisms exist to perform de-identification of sensitive and/or regulated data, using validated algorithms and software to implement the algorithms."
DCH-23.8,Motivated Intruder,Mechanisms exist to perform a motivated intruder test on the de-identified dataset to determine if the identified data remains or if the de-identified data can be re-identified.
DCH-23.9,Code Names,"Mechanisms exist to use aliases to name assets, which are mission-critical and/or contain highly-sensitive and/or regulated data, are unique and not readily associated with a product, project or type of data."
DCH-24,Information Location,Mechanisms exist to identify and document the location of information and the specific system components on which the information resides.
DCH-24.1,Automated Tools to Support Information Location,"Automated mechanisms exist to identify by data classification type to ensure adequate security, compliance and resilience controls are in place to protect organizational information and individual data protection."
DCH-25,Transfer of Sensitive and/or Regulated Data,Mechanisms exist to restrict and govern the transfer of sensitive and/or regulated data to third-countries or international organizations.
DCH-25.1,Transfer Activity Limits,"Mechanisms exist to establish organization-defined ""normal business activities"" to identify anomalous transaction activities that can reduce the opportunity for sending (outbound) and/or receiving (inbound) fraudulent actions."
DCH-26,Data Localization,"Mechanisms exist to constrain the impact of ""digital sovereignty laws,"" that require localized data within the host country, where data and processes may be subjected to arbitrary enforcement actions that potentially violate other applicable statutory, regulatory and/or contractual obligations."
DCH-27,Data Rights Management (DRM),"Mechanisms exist to utilize Data Rights Management (DRM), or similar technologies, to protect Intellectual Property (IP) rights by preventing the unauthorized distribution and/or modification of sensitive IP."
EMB-01,Embedded Technology Security Program,Mechanisms exist to facilitate the implementation of embedded technology controls.
EMB-02,Internet of Things (IOT),"Mechanisms exist to proactively manage the security, compliance and resilience risks associated with Internet of Things (IoT)."
EMB-03,Operational Technology (OT),"Mechanisms exist to proactively manage the security, compliance and resilience risks associated with Operational Technology (OT)."
EMB-04,Interface Security,Mechanisms exist to protect embedded devices against unauthorized use of the physical factory diagnostic and test interface(s).
EMB-05,Embedded Technology Configuration Monitoring,Mechanisms exist to generate log entries on embedded devices when configuration changes or attempts to access interfaces are detected.
EMB-06,Prevent Alterations,Mechanisms exist to protect embedded devices by preventing the unauthorized installation and execution of software.
EMB-07,Embedded Technology Maintenance,Mechanisms exist to securely update software and upgrade functionality on embedded devices.
EMB-08,Resilience To Outages,Mechanisms exist to configure embedded technology to be resilient to data network and power outages.
EMB-09,Power Level Monitoring,"Automated mechanisms exist to monitor the power levels of embedded technologies for decreased or excessive power usage, including battery drainage, to investigate for device tampering."
EMB-10,Embedded Technology Reviews,"Mechanisms exist to perform evaluations of deployed embedded technologies as needed, or at least on an annual basis, to ensure that necessary updates to mitigate the risks associated with legacy embedded technologies are identified and implemented."
EMB-11,Message Queuing Telemetry Transport (MQTT) Security,Mechanisms exist to enforce the security of Message Queuing Telemetry Transport (MQTT) traffic.
EMB-12,Restrict Communications,"Mechanisms exist to require embedded technologies to initiate all communications and drop new, incoming communications."
EMB-13,Authorized Communications,Mechanisms exist to restrict embedded technologies to communicate only with authorized peers and service endpoints.
EMB-14,Operating Environment Certification,Mechanisms exist to determine if embedded technologies are certified for secure use in the proposed operating environment.
EMB-15,Safety Assessment,"Mechanisms exist to evaluate the safety aspects of embedded technologies via a fault tree analysis, or similar method, to determine possible consequences of misuse, misconfiguration and/or failure."
EMB-16,Certificate-Based Authentication,"Mechanisms exist to enforce certificate-based authentication for embedded technologies (e.g., IoT, OT, etc.) and their supporting services."
EMB-17,Chip-To-Cloud Security,Mechanisms exist to implement embedded technologies that utilize pre-provisioned cloud trust anchors to support secure bootstrap and Zero Touch Provisioning (ZTP).
EMB-18,Real-Time Operating System (RTOS) Security,Mechanisms exist to ensure embedded technologies utilize a securely configured Real-Time Operating System (RTOS).
EMB-19,Safe Operations,Mechanisms exist to continuously validate autonomous systems that trigger an automatic state change when safe operation is no longer assured.
END-01,Endpoint Device Management (EDM),Mechanisms exist to facilitate the implementation of Endpoint Device Management (EDM) controls.
END-01.1,Unified Endpoint Device Management (UEDM),Mechanisms exist to utilize a centralized Unified Endpoint Device Management (UEDM) solution that provides agent and/or agentless management of endpoint devices regardless of device location.
END-02,Endpoint Protection Measures,"Mechanisms exist to protect the confidentiality, integrity, availability and safety of endpoint devices."
END-03,Prohibit Installation Without Privileged Status,Automated mechanisms exist to prohibit software installations without explicitly assigned privileged status.
END-03.1,Software Installation Alerts,Mechanisms exist to generate an alert when new software is detected.
END-03.2,Governing Access Restriction for Change,"Mechanisms exist to define, document, approve and enforce access restrictions associated with changes to Technology Assets, Applications and/or Services (TAAS)."
END-04,Malicious Code Protection (Anti-Malware),Mechanisms exist to utilize antimalware technologies to detect and eradicate malicious code.
END-04.1,Automatic Antimalware Signature Updates,"Automated mechanisms exist to update antimalware technologies, including signature definitions."
END-04.2,Documented Protection Measures,Mechanisms exist to document antimalware technologies.
END-04.3,Centralized Management of Antimalware Technologies,Mechanisms exist to centrally-manage antimalware technologies.
END-04.4,Heuristic / Nonsignature-Based Detection,Mechanisms exist to utilize heuristic / nonsignature-based antimalware detection capabilities.
END-04.5,Malware Protection Mechanism Testing,"Mechanisms exist to test antimalware technologies by introducing a known benign, non-spreading test case into the system and subsequently verifying that both detection of the test case and associated incident reporting occurs."
END-04.6,Evolving Malware Threats,Mechanisms exist to perform periodic evaluations evolving malware threats to assess systems that are generally not considered to be commonly affected by malicious software.
END-04.7,Always On Protection,"Mechanisms exist to ensure that anti-malware technologies are continuously running in real-time and cannot be disabled or altered by non-privileged users, unless specifically authorized by management on a case-by-case basis for a limited time period."
END-05,Software Firewall,"Mechanisms exist to utilize host-based firewall software, or a similar technology, on all endpoint devices, where technically feasible."
END-06,Endpoint File Integrity Monitoring (FIM),"Mechanisms exist to utilize File Integrity Monitor (FIM), or similar technologies, to detect and report on unauthorized changes to selected files and configuration settings."
END-06.1,Integrity Checks,Mechanisms exist to validate configurations through integrity checking of software and firmware.
END-06.2,Endpoint Detection & Response (EDR),Mechanisms exist to detect and respond to unauthorized configuration changes as cybersecurity incidents.
END-06.3,Automated Notifications of Integrity Violations,Automated mechanisms exist to alert incident response personnel upon discovering discrepancies during integrity verification.
END-06.4,Automated Response to Integrity Violations,Automated mechanisms exist to implement remediation actions when integrity violations are discovered.
END-06.5,Boot Process Integrity,Automated mechanisms exist to verify the integrity of the boot process of systems.
END-06.6,Protection of Boot Firmware,Automated mechanisms exist to protect the integrity of boot firmware in systems.
END-06.7,Binary or Machine-Executable Code,Mechanisms exist to prohibit the use of binary or machine-executable code from sources with limited or no warranty and without access to source code.
END-06.8,Extended Detection & Response (XDR),"Mechanisms exist to implement Extended Detection & Response (XDR) technologies to correlate data and respond to threats across multiple security layers, including:
(1) Endpoints;
(2) On-premises networks;
(3) Cloud-based networks;
(4) Electronic communications;
(5) Applications; and
(6) Services."
END-07,Host Intrusion Detection and Prevention Systems (HIDS / HIPS),"Mechanisms exist to utilize Host-based Intrusion Detection / Prevention Systems (HIDS / HIPS), or similar technologies, to monitor for and protect against anomalous host activity, including lateral movement across the network."
END-08,Phishing & Spam Protection,Mechanisms exist to utilize anti-phishing and spam protection technologies to detect and take action on unsolicited messages transported by electronic mail.
END-08.1,Phishing & Spam Protection Centralized Management,Mechanisms exist to centrally manage anti-phishing and spam protection technologies.
END-08.2,Automatic Spam and Phishing Protection Updates,Mechanisms exist to automatically update anti-phishing and spam protection technologies when new releases are available in accordance with configuration and change management practices.
END-09,Trusted Path,Mechanisms exist to establish a trusted communications path between the user and the security functions of the operating system.
END-10,Mobile Code,Mechanisms exist to address mobile code / operating system-independent applications.
END-11,Thin Nodes,Mechanisms exist to configure thin nodes to have minimal functionality and information storage.
END-12,Port & Input / Output (I/O) Device Access,Mechanisms exist to physically disable or remove unnecessary connection ports or input/output devices from sensitive systems.
END-13,Sensor Capability,"Mechanisms exist to configure embedded sensors on systems to:
(1) Prohibit the remote activation of sensing capabilities; and
(2) Provide an explicit indication of sensor use to users."
END-13.1,Authorized Use,Mechanisms exist to utilize organization-defined measures so that data or information collected by sensors is only used for authorized purposes.
END-13.2,Notice of Collection,Mechanisms exist to notify individuals that Personal Data (PD) is collected by sensors.
END-13.3,Collection Minimization,Mechanisms exist to utilize sensors that are configured to minimize the collection of information about individuals.
END-13.4,Sensor Delivery Verification,Mechanisms exist to verify embedded technology sensors are configured so that data collected by the sensor(s) is only reported to authorized individuals or roles.
END-14,Collaborative Computing Devices,"Mechanisms exist to unplug or prohibit the remote activation of collaborative computing devices with the following exceptions:
(1) Networked whiteboards;
(2) Video teleconference cameras; and
(3) Teleconference microphones."
END-14.1,Disabling / Removal In Secure Work Areas,Mechanisms exist to disable or remove collaborative computing devices from critical systems and secure work areas.
END-14.2,Explicitly Indicate Current Participants,Automated mechanisms exist to provide an explicit indication of current participants in online meetings and teleconferences.
END-14.3,Participant Identity Verification,Mechanisms exist to verify individual identities to ensure that access to virtual meetings is limited to appropriate individuals.
END-14.4,Participant Connection Management,Mechanisms exist to ensure the meeting host can positively control an individual's participation in virtual meetings.
END-14.5,Malicious Link & File Protections,Automated mechanisms exist to detect malicious links and/or files in communications and prevent users from accessing those malicious links and/or files.
END-14.6,Explicit Indication Of Use,Mechanisms exist to configure collaborative computing devices to provide physically-present individuals with an explicit indication of use.
END-15,Hypervisor Access,Mechanisms exist to restrict access to hypervisor management functions or administrative consoles for systems hosting virtualized systems.
END-16,Restrict Access To Security Functions,Mechanisms exist to ensure security functions are restricted to authorized individuals and enforce least privilege control requirements for necessary job functions.
END-16.1,Host-Based Security Function Isolation,Mechanisms exist to implement underlying software separation mechanisms to facilitate security function isolation.
HRS-01,Human Resources Security Management,Mechanisms exist to facilitate the implementation of personnel security controls.
HRS-01.1,"Onboarding, Transferring & Offboarding Personnel","Mechanisms exist to proactively govern the following personnel management actions:
(1) Onboarding new personnel (e.g., new hires);
(2) Transferring personnel into new roles within the organization; and
(3) Offboarding personnel (e.g., termination of employment)."
HRS-02,Position Categorization,Mechanisms exist to manage personnel security risk by assigning a risk designation to all positions and establishing screening criteria for individuals filling those positions.
HRS-02.1,Users With Elevated Privileges,"Mechanisms exist to ensure that every user accessing Technology Assets, Applications and/or Services (TAAS) that process, store and/or transmit sensitive and/or regulated data is cleared and regularly trained to handle the information in question."
HRS-02.2,Probationary Periods,Mechanisms exist to identify newly onboarded personnel for enhanced monitoring during their probationary period.
HRS-03,Defined Roles & Responsibilities,Mechanisms exist to define cybersecurity roles & responsibilities for all personnel.
HRS-03.1,User Awareness,Mechanisms exist to communicate with users about their roles and responsibilities to maintain a safe and secure working environment.
HRS-03.2,Competency Requirements for Security-Related Positions,Mechanisms exist to ensure that all security-related positions are staffed by qualified individuals who have the necessary skill set.
HRS-04,Personnel Screening,Mechanisms exist to manage personnel security risk by screening individuals prior to authorizing access.
HRS-04.1,Roles With Special Protection Measures,"Mechanisms exist to ensure that individuals accessing a system that stores, transmits or processes information requiring special protection satisfy organization-defined personnel screening criteria."
HRS-04.2,Formal Indoctrination,Mechanisms exist to formally educate authorized users on proper data handling practices for all the relevant types of data to which they have access.
HRS-04.3,Citizenship Requirements,"Mechanisms exist to verify that individuals accessing a system processing, storing, or transmitting sensitive information meet applicable statutory, regulatory and/or contractual requirements for citizenship."
HRS-04.4,Citizenship Identification,"Mechanisms exist to identify foreign nationals, including by their specific citizenship."
HRS-05,Terms of Employment,"Mechanisms exist to require all employees and contractors to apply cybersecurity and data protection principles in their daily work to enable secure, compliant and resilient capabilities."
HRS-05.1,Rules of Behavior,"Mechanisms exist to define acceptable and unacceptable rules of behavior for the use of technologies, including consequences for unacceptable behavior."
HRS-05.2,Social Media & Social Networking Restrictions,"Mechanisms exist to define rules of behavior that contain explicit restrictions on the use of social media and networking sites, posting information on commercial websites and sharing account information."
HRS-05.3,Technology Use Restrictions,"Mechanisms exist to establish usage restrictions and implementation guidance for organizational technologies based on the potential to cause damage to Technology Assets, Applications and/or Services (TAAS), if used maliciously."
HRS-05.4,Use of Critical Technologies,Mechanisms exist to govern usage policies for critical technologies.
HRS-05.5,Use of Mobile Devices,Mechanisms exist to manage business risks associated with permitting mobile device access to organizational resources.
HRS-05.6,Security-Minded Dress Code,"Mechanisms exist to prohibit the use of oversized clothing (e.g., baggy pants, oversized hooded sweatshirts, etc.) to prevent the unauthorized exfiltration of data and technology assets."
HRS-05.7,Policy Familiarization & Acknowledgement,"Mechanisms exist to ensure personnel receive recurring familiarization with the organization's security, compliance and resilience policies and provide acknowledgement."
HRS-06,Access Agreements,Mechanisms exist to require internal and third-party users to sign appropriate access agreements prior to being granted access.
HRS-06.1,Confidentiality Agreements,"Mechanisms exist to require Non-Disclosure Agreements (NDAs) or similar confidentiality agreements that reflect the needs to protect data and operational details, or both employees and third-parties."
HRS-06.2,Post-Employment Requirements Awareness,"Mechanisms exist to notify individuals of their applicable, legally-binding post-employment requirements for the protection of sensitive and/or regulated data."
HRS-07,Personnel Sanctions,"Mechanisms exist to sanction personnel failing to comply with established security policies, standards and procedures."
HRS-07.1,Workplace Investigations,Mechanisms exist to conduct employee misconduct investigations when there is reasonable assurance that a policy has been violated.
HRS-07.2,Updating Disciplinary Processes,"Mechanisms exist to periodically review and, where appropriate, update disciplinary practices due to:
(1) Legal changes;
(2) Significant changes to operations; and
(3) Applicable threats and risks."
HRS-07.3,Preventative Access Restriction,Mechanisms exist to proactively restrict logical and physical access when an individual with access to sensitive and/or regulated data is under investigation for personnel sanctions that may lead to employment termination.
HRS-08,Personnel Transfer,"Mechanisms exist to adjust logical and physical access authorizations to Technology Assets, Applications and/or Services (TAAS) and facilities upon personnel reassignment or transfer, in a timely manner."
HRS-09,Personnel Termination,Mechanisms exist to govern the termination of individual employment.
HRS-09.1,Asset Collection,Mechanisms exist to retrieve organization-owned assets upon termination of an individual's employment.
HRS-09.2,High-Risk Terminations,"Mechanisms exist to expedite the process of removing ""high risk"" individual’s access to Technology Assets, Applications, Services and/or Data (TAASD) upon termination, as determined by management."
HRS-09.3,Post-Employment Requirements Notification,"Mechanisms exist to govern former employee behavior by formally notifying terminated individuals of their applicable, legally binding post-employment requirements for the protection of sensitive and/or regulated data."
HRS-09.4,Automated Employment Status Notifications,Automated mechanisms exist to notify Identity and Access Management (IAM) personnel or roles upon termination of an individual employment or contract.
HRS-10,Third-Party Personnel,"Mechanisms exist to govern third-party personnel by reviewing and monitoring third-party security, compliance and/or resilience roles and responsibilities."
HRS-11,Separation of Duties (SoD),Mechanisms exist to implement and maintain Separation of Duties (SoD) to prevent potential inappropriate activity without collusion.
HRS-12,Incompatible Roles,"Mechanisms exist to avoid incompatible development-specific roles through limiting and reviewing developer privileges to change hardware, software and firmware components within a production/operational environment."
HRS-12.1,Two-Person Rule,"Mechanisms exist to enforce a two-person rule for implementing changes to sensitive Technology Assets, Applications and/or Services (TAAS)."
HRS-13,Identify Critical Skills & Gaps,"Mechanisms exist to evaluate the critical security, compliance and resilience skills needed to support the organization's mission and identify gaps that exist."
HRS-13.1,Remediate Identified Skills Deficiencies,Mechanisms exist to remediate critical skills deficiencies necessary to support the organization's mission and business functions.
HRS-13.2,"Identify Vital Security, Compliance & Resilience Staff","Mechanisms exist to identify vital security, compliance and resilience staff."
HRS-13.3,"Establish Redundancy for Vital Security, Compliance & Resilience Staff","Mechanisms exist to establish redundancy for vital security, compliance and resilience staff."
HRS-13.4,Perform Succession Planning,"Mechanisms exist to perform succession planning for vital security, compliance and resilience roles."
HRS-14,Identifying Authorized Work Locations,"Mechanisms exist to identify and document authorized working locations, including:
(1) Designated on-premises, organization-controlled work locations; and
(2) Other off-premises locations not under organization-control (e.g., work from home)."
HRS-14.1,Communicating Authorized Work Locations,Mechanisms exist to communicate authorized work locations to organizational personnel.
HRS-15,Reporting Suspicious Activities,"Mechanisms exist to enable personnel to report suspicious activities and/or behavior without fear of reprisal or other negative consequences (e.g., whistleblower protections)."
IAC-01,Identity & Access Management (IAM),Mechanisms exist to facilitate the implementation of identification and access management controls.
IAC-01.1,Retain Access Records,"Mechanisms exist to retain a record of personnel accountability to ensure there is a record of all access granted to an individual (system and application-wise), who provided the authorization, when the authorization was granted and when the access was last reviewed."
IAC-01.2,"Authenticate, Authorize and Audit (AAA)","Mechanisms exist to strictly govern the use of Authenticate, Authorize and Audit (AAA) solutions, both on-premises and those hosted by an External Service Provider (ESP)."
IAC-01.3,User & Service Account Inventories,Mechanisms exist to maintain a current list of authorized users and service accounts.
IAC-01.4,Identity Providers (IdP) & Authorization Servers,"Mechanisms exist to employ identity providers and authorization servers to manage user, device and Non-Person Entity (NPE) identities, attributes and access rights that support authentication and authorization decisions:
(1) In accordance with organization-defined identification and authentication policy; and
(2) Using organization-defined mechanisms."
IAC-02,Identification & Authentication for Organizational Users,"Mechanisms exist to uniquely identify and centrally Authenticate, Authorize and Audit (AAA) organizational users and processes acting on behalf of organizational users."
IAC-02.1,Group Authentication,Mechanisms exist to require individuals to be authenticated with an individual authenticator when a group authenticator is utilized.
IAC-02.2,Replay-Resistant Authentication,Automated mechanisms exist to employ replay-resistant authentication.
IAC-02.3,Acceptance of PIV Credentials,Mechanisms exist to accept and electronically verify organizational Personal Identity Verification (PIV) credentials.
IAC-02.4,Out-of-Band Authentication (OOBA),Mechanisms exist to implement Out-of-Band Authentication (OOBA) under specific conditions.
IAC-03,Identification & Authentication for Non-Organizational Users,"Mechanisms exist to uniquely identify and centrally Authenticate, Authorize and Audit (AAA) third-party users and processes that provide services to the organization."
IAC-03.1,Acceptance of PIV Credentials from Other Organizations,Mechanisms exist to accept and electronically verify Personal Identity Verification (PIV) credentials from third-parties.
IAC-03.2,Acceptance of Third-Party Credentials,"Automated mechanisms exist to accept Federal Identity, Credential and Access Management (FICAM)-approved third-party credentials."
IAC-03.3,Use of FICAM-Issued Profiles,"Mechanisms exist to conform systems to Federal Identity, Credential and Access Management (FICAM)-issued profiles."
IAC-03.4,Disassociability,"Mechanisms exist to disassociate user attributes or credential assertion relationships among individuals, credential service providers and relying parties."
IAC-03.5,Acceptance of External Authenticators,Mechanisms exist to restrict the use of external authenticators to those that are National Institute of Standards and Technology (NIST)-compliant and maintain a list of accepted external authenticators.
IAC-04,Identification & Authentication for Devices,"Mechanisms exist to uniquely identify and centrally Authenticate, Authorize and Audit (AAA) devices before establishing a connection using bidirectional authentication that is cryptographically- based and replay resistant."
IAC-04.1,Device Attestation,Mechanisms exist to ensure device identification and authentication is accurate by centrally-managing the joining of systems to the domain as part of the initial asset configuration management process.
IAC-04.2,Device Authorization Enforcement,Mechanisms exist to enforce cryptographic communications keys to prevent one key from being used to access multiple devices.
IAC-05,"Identification & Authentication for Third-Party Technology Assets, Applications and/or Services (TAAS)","Mechanisms exist to identify and authenticate third-party Technology Assets, Applications and/or Services (TAAS)."
IAC-05.1,Sharing Identification & Authentication Information,Mechanisms exist to ensure external service providers provide current and accurate information for any third-party user with access to the organization's data or assets.
IAC-05.2,Privileged Access by Non-Organizational Users,Mechanisms exist to prohibit privileged access by non-organizational users.
IAC-06,Multi-Factor Authentication (MFA),"Automated mechanisms exist to enforce Multi-Factor Authentication (MFA) for:
(1) Remote network access;
(2) Third-party Technology Assets, Applications and/or Services (TAAS); and/ or
(3) Non-console access to critical TAAS that store, transmit and/or process sensitive and/or regulated data."
IAC-06.1,Network Access to Privileged Accounts,Mechanisms exist to utilize Multi-Factor Authentication (MFA) to authenticate network access for privileged accounts.
IAC-06.2,Network Access to Non-Privileged Accounts,Mechanisms exist to utilize Multi-Factor Authentication (MFA) to authenticate network access for non-privileged accounts.
IAC-06.3,Local Access to Privileged Accounts,Mechanisms exist to utilize Multi-Factor Authentication (MFA) to authenticate local access for privileged accounts.
IAC-06.4,Out-of-Band Multi-Factor Authentication,Mechanisms exist to implement Multi-Factor Authentication (MFA) for access to privileged and non-privileged accounts such that one of the factors is independently provided by a device separate from the system being accessed.
IAC-06.5,Alternative Multi-Factor Authentication,Mechanisms exist to enable alternative Multi-Factor Authentication (MFA) tokens when the primary MFA solution is not able to be used.
IAC-07,User Provisioning & De-Provisioning,Mechanisms exist to utilize a formal user registration and de-registration process that governs the assignment of access rights.
IAC-07.1,Change of Roles & Duties,"Mechanisms exist to revoke user access rights following changes in personnel roles and duties, if no longer necessary or permitted."
IAC-07.2,Termination of Employment,"Mechanisms exist to revoke user access rights in a timely manner, upon termination of employment or contract."
IAC-08,Role-Based Access Control (RBAC),"Mechanisms exist to enforce Role-Based Access Control (RBAC) for Technology Assets, Applications, Services and/or Data (TAASD) to restrict access to individuals assigned specific roles with legitimate business needs."
IAC-09,Identifier Management (User Names),"Mechanisms exist to govern naming standards for usernames and Technology Assets, Applications and/or Services (TAAS)."
IAC-09.1,User Identity (ID) Management,Mechanisms exist to ensure proper user identification management for non-consumer users and administrators.
IAC-09.2,Identity User Status,Mechanisms exist to identify contractors and other third-party users through unique username characteristics.
IAC-09.3,Dynamic Management,Mechanisms exist to dynamically manage usernames and system identifiers.
IAC-09.4,Cross-Organization Management,Mechanisms exist to coordinate username identifiers with external organizations for cross-organization management of identifiers.
IAC-09.5,Privileged Account Identifiers,Mechanisms exist to uniquely manage privileged accounts to identify the account as a privileged user or service.
IAC-09.6,Pairwise Pseudonymous Identifiers (PPID),Mechanisms exist to generate pairwise pseudonymous identifiers with no identifying information about a data subject to discourage activity tracking and profiling of the data subject.
IAC-10,Authenticator Management,"Mechanisms exist to:
(1) Securely manage authenticators for users and devices; and
(2) Ensure the strength of authentication is appropriate to the classification of the data being accessed."
IAC-10.1,Password-Based Authentication,"Mechanisms exist to enforce complexity, length and lifespan considerations to ensure strong criteria for password-based authentication."
IAC-10.2,PKI-Based Authentication,Automated mechanisms exist to validate certificates by constructing and verifying a certification path to an accepted trust anchor including checking certificate status information for PKI-based authentication.
IAC-10.3,In-Person or Trusted Third-Party Registration,Mechanisms exist to conduct in-person or trusted third-party identify verification before user accounts for third-parties are created.
IAC-10.4,Automated Support For Password Strength,Automated mechanisms exist to determine if password authenticators are sufficiently strong enough to satisfy organization-defined password length and complexity requirements.
IAC-10.5,Protection of Authenticators,Mechanisms exist to protect authenticators commensurate with the sensitivity of the information to which use of the authenticator permits access.
IAC-10.6,No Embedded Unencrypted Static Authenticators,"Mechanisms exist to ensure that unencrypted, static authenticators are not embedded in applications, scripts or stored on function keys."
IAC-10.7,Hardware Token-Based Authentication,Automated mechanisms exist to ensure organization-defined token quality requirements are satisfied for hardware token-based authentication.
IAC-10.8,Default Authenticators,Mechanisms exist to ensure default authenticators are changed as part of account creation or system installation.
IAC-10.9,Multiple System Accounts,"Mechanisms exist to implement security safeguards to manage the risk of compromise due to individuals having accounts on multiple Technology Assets, Applications and/or Services (TAAS)."
IAC-10.10,Expiration of Cached Authenticators,Automated mechanisms exist to prohibit the use of cached authenticators after organization-defined time period.
IAC-10.11,Password Managers,Mechanisms exist to protect and store passwords via a password manager tool.
IAC-10.12,Biometric Authentication,Mechanisms exist to ensure biometric-based authentication satisfies organization-defined biometric quality requirements for false positives and false negatives.
IAC-10.13,Events Requiring Authenticator Change,"Mechanisms exist to change authentication credentials:
(1) At predefined intervals; and/or
(2) Upon suspicion of credential compromise."
IAC-10.14,Passkeys,"Mechanisms exist to utilize passkeys, or equivalent cryptographic key pairing technologies, to authenticate users to Technology Assets, Applications and/or Services (TAAS)."
IAC-11,Authenticator Feedback,Mechanisms exist to obscure the feedback of authentication information during the authentication process to protect the information from possible exploitation/use by unauthorized individuals.
IAC-12,Cryptographic Module Authentication,"Mechanisms exist to ensure cryptographic modules adhere to applicable statutory, regulatory and contractual requirements for security strength."
IAC-12.1,Hardware Security Modules (HSM),Automated mechanisms exist to utilize Hardware Security Modules (HSM) to protect authenticators on which the component relies.
IAC-13,Adaptive Identification & Authentication,Mechanisms exist to allow individuals to utilize alternative methods of authentication under specific circumstances or situations.
IAC-13.1,Single Sign-On (SSO) Transparent Authentication,"Mechanisms exist to provide a transparent authentication (e.g., Single Sign-On (SSO)) capability to the organization's Technology Assets, Applications and/or Services (TAAS)."
IAC-13.2,Federated Credential Management,Mechanisms exist to federate credentials to allow cross-organization authentication of individuals and devices.
IAC-13.3,Continuous Authentication,Automated mechanisms exist to enable continuous re-authentication through the lifecycle of entity interactions.
IAC-14,Re-Authentication,Mechanisms exist to force users and devices to re-authenticate according to organization-defined circumstances that necessitate re-authentication.
IAC-15,Account Management,"Mechanisms exist to:
(1) Define authorized system account types;
(2) Define prohibited system account types; and
(3) Proactively govern individual, group, system, service, application, guest and temporary accounts."
IAC-15.1,Automated System Account Management (Directory Services),"Automated mechanisms exist to support the management of system accounts (e.g., directory services)."
IAC-15.2,Removal of Temporary / Emergency Accounts,Automated mechanisms exist to disable or remove temporary and emergency accounts after an organization-defined time period for each type of account.
IAC-15.3,Disable Inactive Accounts,Automated mechanisms exist to disable inactive accounts after an organization-defined time period.
IAC-15.4,Automated Audit Actions,"Automated mechanisms exist to audit account creation, modification, enabling, disabling and removal actions and notify organization-defined personnel or roles."
IAC-15.5,Restrictions on Shared Groups / Accounts,Mechanisms exist to authorize the use of shared/group accounts only under certain organization-defined conditions.
IAC-15.6,Account Disabling for High Risk Individuals,Mechanisms exist to disable accounts immediately upon notification for users posing a significant risk to the organization.
IAC-15.7,System Account Reviews,Mechanisms exist to review all system accounts and disable any account that cannot be associated with a business process and owner.
IAC-15.8,Usage Conditions,Automated mechanisms exist to enforce usage conditions for users and/or roles.
IAC-15.9,Emergency Accounts,"Mechanisms exist to establish and control ""emergency access only"" accounts."
IAC-15.10,Account Separation Between Infrastructure Environments,Mechanisms exist to separate non-privileged accounts between infrastructure environments to reduce the risk that a compromise in one infrastructure environment laterally affects another infrastructure environment.
IAC-16,Privileged Account Management (PAM),"Mechanisms exist to restrict and control privileged access rights for users and Technology Assets, Applications and/or Services (TAAS)."
IAC-16.1,Privileged Account Inventories,Mechanisms exist to inventory all privileged accounts and validate that each person with elevated privileges is authorized by the appropriate level of organizational management.
IAC-16.2,Privileged Account Separation,Mechanisms exist to separate privileged accounts between infrastructure environments to reduce the risk of a compromise in one infrastructure environment from laterally affecting other infrastructure environments.
IAC-16.3,Privileged Command Execution,Mechanisms exist to ensure privilege change requests require additional levels of authentication.
IAC-16.4,Dedicated Privileged Account,Mechanisms exist to assign dedicated privileged user accounts to be used solely for duties requiring privileged access.
IAC-16.5,Manual Override,Mechanisms exist to enable a manual override of the current account privileges to enable the timely response to unusual conditions without terminating the current session and establishing a new session as a higher-privileged user.
IAC-17,Periodic Review of Account Privileges,"Mechanisms exist to periodically-review the privileges assigned to individuals and service accounts to validate the need for such privileges and reassign or remove unnecessary privileges, as necessary."
IAC-18,User Responsibilities for Account Management,"Mechanisms exist to compel users to follow accepted practices in the use of authentication mechanisms (e.g., passwords, passphrases, physical or logical security tokens, smart cards, certificates, etc.)."
IAC-19,Credential Sharing,"Mechanisms exist to prevent the sharing of generic IDs, passwords or other generic authentication methods."
IAC-20,Access Enforcement,"Mechanisms exist to enforce Logical Access Control (LAC) permissions that conform to the principle of ""least privilege."""
IAC-20.1,Access To Sensitive / Regulated Data,Mechanisms exist to limit access to sensitive and/or regulated data to only those individuals whose job requires such access.
IAC-20.2,Database Access,"Mechanisms exist to restrict access to databases containing sensitive and/or regulated data to only necessary Technology Assets, Applications and/or Services (TAAS) or those individuals whose job requires such access."
IAC-20.3,Use of Privileged Utility Programs,Mechanisms exist to restrict and tightly control utility programs that are capable of overriding system and application controls.
IAC-20.4,Dedicated Administrative Machines,Mechanisms exist to restrict executing administrative tasks or tasks requiring elevated access to a dedicated machine.
IAC-20.5,Dual Authorization for Privileged Commands,Automated mechanisms exist to enforce dual authorization for privileged commands.
IAC-20.6,Revocation of Access Authorizations,Mechanisms exist to revoke logical and physical access authorizations.
IAC-20.7,Authorized System Accounts,"Mechanisms exist to define and document the types of accounts allowed and prohibited on Technology Assets, Applications and/or Services (TAAS)."
IAC-21,Least Privilege,"Mechanisms exist to utilize the concept of least privilege, allowing only authorized access to processes necessary to accomplish assigned tasks in accordance with organizational business functions."
IAC-21.1,Authorize Access to Security Functions,Mechanisms exist to limit access to security functions to explicitly-authorized privileged users.
IAC-21.2,Non-Privileged Access for Non-Security Functions,"Mechanisms exist to prohibit privileged users from using privileged accounts, while performing non-security functions."
IAC-21.3,Management Approval For Privileged Accounts,Mechanisms exist to restrict the assignment of privileged accounts to management-approved personnel and/or roles.
IAC-21.4,Auditing Use of Privileged Functions,Mechanisms exist to audit the execution of privileged functions.
IAC-21.5,Prohibit Non-Privileged Users from Executing Privileged Functions,"Mechanisms exist to prevent non-privileged users from executing privileged functions to include disabling, circumventing or altering implemented security safeguards / countermeasures."
IAC-21.6,Network Access to Privileged Commands,"Mechanisms exist to authorize remote access to perform privileged commands on critical Technology Assets, Applications and/or Services (TAAS) or where sensitive and/or regulated data is stored, transmitted and/or processed only for compelling operational needs."
IAC-21.7,Privilege Levels for Code Execution,Automated mechanisms exist to prevent applications from executing at higher privilege levels than the user's privileges.
IAC-22,Account Lockout,Mechanisms exist to enforce a limit for consecutive invalid login attempts by a user during an organization-defined time period and automatically locks the account when the maximum number of unsuccessful attempts is exceeded.
IAC-23,Concurrent Session Control,Mechanisms exist to limit the number of concurrent sessions for each system account.
IAC-24,Session Lock,"Mechanisms exist to initiate a session lock after an organization-defined time period of inactivity, or upon receiving a request from a user and retain the session lock until the user reestablishes access using established identification and authentication methods."
IAC-24.1,Pattern-Hiding Displays,Mechanisms exist to implement pattern-hiding displays to conceal information previously visible on the display during the session lock.
IAC-25,Session Termination,"Automated mechanisms exist to log out users, both locally on the network and for remote sessions, at the end of the session or after an organization-defined period of inactivity."
IAC-25.1,User-Initiated Logouts / Message Displays,Mechanisms exist to provide a logout capability and display an explicit logout message to users indicating the reliable termination of the session.
IAC-26,Permitted Actions Without Identification or Authorization,Mechanisms exist to identify and document the supporting rationale for specific user actions that can be performed on a system without identification or authentication.
IAC-27,Reference Monitor,"Mechanisms exist to implement a reference monitor that is tamperproof, always-invoked, small enough to be subject to analysis / testing and the completeness of which can be assured."
IAC-28,Identity Proofing (Identity Verification),Mechanisms exist to verify the identity of a user before issuing authenticators or modifying access permissions.
IAC-28.1,Management Approval For New or Changed Accounts,Mechanisms exist to ensure management approvals are required for new accounts or changes in permissions to existing accounts.
IAC-28.2,Identity Evidence,Mechanisms exist to require evidence of individual identification to be presented to the registration authority.
IAC-28.3,Identity Evidence Validation & Verification,Mechanisms exist to require that the presented identity evidence be validated and verified through organizational-defined methods of validation and verification.
IAC-28.4,In-Person Validation & Verification,Mechanisms exist to require that the validation and verification of identity evidence be conducted in person before a designated registration authority.
IAC-28.5,Address Confirmation,Mechanisms exist to require that a notice of proofing be delivered through an out-of-band channel to verify the user's address (physical or digital).
IAC-29,Attribute-Based Access Control (ABAC),"Mechanisms exist to enforce Attribute-Based Access Control (ABAC) for policy-driven, dynamic authorizations that supports the secure sharing of information."
IAC-29.1,Real-Time Access Decisions,Automated mechanisms exist to utilize Machine Learning (ML) to make real-time access decisions based on advanced network analytics that leverages enterprise-wide data sources.
IAC-29.2,Access Profile Rules,"Mechanisms exist to develop access profile rules for sensitive and/or regulated Technology Assets, Applications, Services and/or Data (TAASD) access based on User, Data, Network, Environment & Device attributes."
IAC-30,Mutual Authentication (MA),Mechanisms exist to enforce Mutual Authentication (MA) where both sides of a communications channel verify the identity of the other party through certificate exchange.
IRO-01,Incident Response Operations,Mechanisms exist to implement and govern processes and documentation to facilitate an organization-wide response capability for cybersecurity and data protection-related incidents.
IRO-02,Incident Handling,"Mechanisms exist to cover:
(1) Preparation;
(2) Automated event detection or manual incident report intake;
(3) Analysis;
(4) Containment;
(5) Eradication; and
(6) Recovery."
IRO-02.1,Automated Incident Handling Processes,Automated mechanisms exist to support the incident handling process.
IRO-02.2,Insider Threat Response Capability,Mechanisms exist to implement and govern an insider threat program.
IRO-02.3,Dynamic Reconfiguration,Automated mechanisms exist to dynamically reconfigure system components as part of the incident response capability.
IRO-02.4,Incident Classification & Prioritization,Mechanisms exist to identify classes of incidents and actions to take to ensure the continuation of organizational missions and business functions.
IRO-02.5,Correlation with External Organizations,Mechanisms exist to coordinate with approved third-parties to achieve a cross-organization perspective on incident awareness and more effective incident responses.
IRO-02.6,"Automatic Disabling of Technology Assets, Applications and/or Services (TAAS)","Mechanisms exist to automatically disable Technology Assets, Applications and/or Services (TAAS), upon detection of a possible incident that meets organizational criteria, which allows for forensic analysis to be performed."
IRO-03,Indicators of Compromise (IOC),Mechanisms exist to define specific Indicators of Compromise (IOC) to identify the signs of potential cybersecurity events.
IRO-04,Incident Response Plan (IRP),Mechanisms exist to maintain and make available a current and viable Incident Response Plan (IRP) to all stakeholders.
IRO-04.1,Data Breach,"Mechanisms exist to address data breaches, or other incidents involving the unauthorized disclosure of sensitive or regulated data, according to applicable laws, regulations and contractual obligations."
IRO-04.2,IRP Update,"Mechanisms exist to regularly review and modify incident response practices to incorporate lessons learned, business process changes and industry developments, as necessary."
IRO-04.3,Continuous Incident Response Improvements,"Mechanisms exist to use qualitative and quantitative data from incident response testing to:
(1) Determine the effectiveness of incident response processes;
(2) Continuously improve incident response processes; and
(3) Provide incident response measures and metrics that are accurate, consistent and in a reproducible format."
IRO-05,Incident Response Training,Mechanisms exist to train personnel in their incident response roles and responsibilities.
IRO-05.1,Simulated Incidents,Mechanisms exist to incorporate simulated events into incident response training to facilitate effective response by personnel in crisis situations.
IRO-05.2,Automated Incident Response Training Environments,Automated mechanisms exist to provide a more thorough and realistic incident response training environment.
IRO-06,Incident Response Testing,Mechanisms exist to formally test incident response capabilities through realistic exercises to determine the operational effectiveness of those capabilities.
IRO-06.1,Coordination with Related Plans,Mechanisms exist to coordinate incident response testing with organizational elements responsible for related plans.
IRO-07,Integrated Security Incident Response Team (ISIRT),"Mechanisms exist to establish an integrated team of cybersecurity, IT and business function representatives that are capable of addressing cybersecurity and data protection incident response operations."
IRO-08,Chain of Custody & Forensics,"Mechanisms exist to perform digital forensics and maintain the integrity of the chain of custody, in accordance with applicable laws, regulations and industry-recognized secure practices."
IRO-08.1,Licensed Forensic Investigators,Mechanisms exist to utilize licensed forensic investigators to perform data analysis for evidentiary purposes that may be used in legal proceedings or to prove wrongdoing.
IRO-09,Situational Awareness For Incidents,"Mechanisms exist to document, monitor and report the status of cybersecurity and data protection incidents to internal stakeholders all the way through the resolution of the incident."
IRO-09.1,"Automated Tracking, Data Collection & Analysis","Automated mechanisms exist to assist in the tracking, collection and analysis of information from actual and potential cybersecurity and data protection incidents."
IRO-09.2,Recurring Incident Analysis,Mechanisms exist to periodically review incident response activities for the existence of recurring incidents.
IRO-09.3,Incident Tracking Repository,"Mechanisms exist to maintain a repository of cybersecurity events and incidents that documents:
(1) Details of the incident (e.g., category, severity, affected parties, etc.);
(2) Remediation actions taken through incident closure; and
(3) A summary from the Root Cause Analysis (RCA), if applicable."
IRO-09.4,Incident Pattern Analysis,"Mechanisms exist to analyze historical incidents in aggregate to identify:
(1) Patterns;
(2) Trends; and
(3) Other common root causes in order to address the vulnerability and risk."
IRO-10,Incident Stakeholder Reporting,"Mechanisms exist to timely-report incidents to applicable:
(1) Internal stakeholders;
(2) Affected clients & third-parties; and
(3) Regulatory authorities."
IRO-10.1,Automated Reporting,Automated mechanisms exist to assist in the reporting of cybersecurity and data protection incidents.
IRO-10.2,Cyber Incident Reporting for Sensitive / Regulated Data,Mechanisms exist to report sensitive and/or regulated data incidents in a timely manner.
IRO-10.3,Vulnerabilities Related To Incidents,Mechanisms exist to report system vulnerabilities associated with reported cybersecurity and data protection incidents to organization-defined personnel or roles.
IRO-10.4,Supply Chain Coordination,"Mechanisms exist to provide cybersecurity and data protection incident information to the provider of the Technology Assets, Applications and/or Services (TAAS) and other organizations involved in the supply chain for TAAS related to the incident."
IRO-10.5,Serious Incident Reporting,"Mechanisms exist to report any serious incident involving the organization's Technology Assets, Applications, Services and/or Data (TAASD) to relevant authorities in the locality where the incident occurred, in accordance with mandatory reporting:
(1) Requirements; and
(2) Timelines."
IRO-11,Incident Reporting Assistance,"Mechanisms exist to provide incident response advice and assistance to users of Technology Assets, Applications and/or Services (TAAS) for the handling and reporting of actual and potential cybersecurity and data protection incidents."
IRO-11.1,Automation Support of Availability of Information / Support,Automated mechanisms exist to increase the availability of incident response-related information and support.
IRO-11.2,Coordination With External Providers,"Mechanisms exist to establish a direct, cooperative relationship between the organization's incident response capability and external service providers."
IRO-12,Sensitive / Regulated Data Spill Response,Mechanisms exist to respond to sensitive and/or regulated data spills.
IRO-12.1,Sensitive / Regulated Data Spill Responsible Personnel,Mechanisms exist to formally assign personnel or roles with responsibility for responding to sensitive and/or regulated data spills.
IRO-12.2,Sensitive / Regulated Data Spill Training,Mechanisms exist to ensure incident response training material provides coverage for sensitive and/or regulated data spillage response.
IRO-12.3,Post-Sensitive / Regulated Data Spill Operations,"Mechanisms exist to ensure that organizational personnel impacted by sensitive and/or regulated data spills can continue to carry out assigned tasks while contaminated Technology Assets, Applications and/or Services (TAAS) are undergoing corrective actions."
IRO-12.4,Sensitive / Regulated Data Exposure to Unauthorized Personnel,Mechanisms exist to address security safeguards for personnel exposed to sensitive and/or regulated data that is not within their assigned access authorizations.
IRO-13,Root Cause Analysis (RCA) & Lessons Learned,Mechanisms exist to incorporate lessons learned from analyzing and resolving cybersecurity and data protection incidents to reduce the likelihood or impact of future incidents.
IRO-14,Regulatory & Law Enforcement Contacts,Mechanisms exist to maintain incident response contacts with applicable regulatory and law enforcement agencies.
IRO-15,Detonation Chambers (Sandboxes),Mechanisms exist to utilize a detonation chamber capability to detect and/or block potentially-malicious files and email attachments.
IRO-16,Public Relations & Reputation Repair,Mechanisms exist to proactively manage public relations associated with incidents and employ appropriate measures to prevent further reputational damage and develop plans to repair any damage to the organization's reputation.
IAO-01,Information Assurance (IA) Operations,"Mechanisms exist to facilitate the implementation of security, compliance and resilience assessment and authorization controls."
IAO-01.1,Assessment Boundaries,"Mechanisms exist to establish the scope of assessments by defining the assessment boundary, according to people, processes and technology that directly or indirectly impact the confidentiality, integrity, availability and safety of the Technology Assets, Applications, Services and/or Data (TAASD) under review."
IAO-02,Assessments,"Mechanisms exist to formally assess the security, compliance and resilience controls in Technology Assets, Applications and/or Services (TAAS) through Information Assurance Program (IAP) activities to determine the extent to which the controls are implemented correctly, operating as intended and producing the desired outcome with respect to meeting expected requirements."
IAO-02.1,Assessor Independence,"Mechanisms exist to ensure assessors or assessment teams have the appropriate independence to conduct security, compliance and/or resilience control assessments."
IAO-02.2,Specialized Assessments,"Mechanisms exist to conduct specialized assessments for:
(1) Statutory, regulatory and contractual compliance obligations;
(2) Monitoring capabilities;
(3) Mobile devices;
(4) Databases;
(5) Application security;
(6) Embedded technologies (e.g., IoT, OT, etc.);
(7) Vulnerability management;
(8) Malicious code;
(9) Insider threats;
(10) Performance/load testing;
(11) Artificial Intelligence and Autonomous Technologies (AAT); and/or
(12) Other Technology Assets, Applications and/or Services (TAAS) that require specialized expertise to determine conformity with security, compliance and/or resilience requirements."
IAO-02.3,Third-Party Assessment Reciprocity,"Mechanisms exist to accept and respond to the results of external assessments that are performed by impartial, external organizations."
IAO-02.4,Security Assessment Report (SAR),Mechanisms exist to produce a Security Assessment Report (SAR) at the conclusion of a security assessment to certify the results of the assessment and assist with any remediation actions.
IAO-03,"Applied Security, Compliance and Resilience Controls Documentation","Mechanisms exist to generate authoritative documentation (e.g., System Security Plan (SSP)) that:
(1) Identifies key architectural and implementation information on in-scope Technology Assets, Applications and/or Services (TAAS);
(2) Reflects the current state of applied security, compliance and resilience controls on applicable People, Processes, Technologies, Data and/or Facilities (PPTDF) that are contained within the system boundary; and
(3) Provides a historical record of applied security controls, including changes."
IAO-03.1,Plan / Coordinate with Other Organizational Entities,Mechanisms exist to plan and coordinate Information Assurance Program (IAP) activities with affected stakeholders before conducting such activities in order to reduce the potential impact on operations.
IAO-03.2,Adequate Security for Sensitive / Regulated Data In Support of Contracts,"Mechanisms exist to protect sensitive and/or regulated data that is collected, developed, received, transmitted, used or stored in support of the performance of a contract."
IAO-04,Threat Analysis & Flaw Remediation During Development,"Mechanisms exist to require system developers and integrators to create and execute a Security Testing and Evaluation (ST&E) plan, or similar process, to identify and remediate flaws during development."
IAO-05,Capabilities Deficiency Tracking,"Mechanisms exist to govern identified deficiencies (e.g., Plan of Action and Milestones (POA&M) or similar methodology) that formally documents, at a minimum:
(1) Deficiency tracking number;
(2) Applicable security, compliance and/or resilience control;
(3) Description of the deficiency(ies);
(4) Risk associated with the deficiency(ies);
(5) Source deficiency identification/detection;
(6) Temporary compensating controls, if applicable;
(7) Point of Contact (POC) (e.g., asset/process owner);
(8) Resources required to conduct remediation actions;
(9) Planned remedial actions to the deficiency(ies);
(10) Proposed remediation timeline; and
(11) Disposition statement (e.g., closeout summary)."
IAO-05.1,Deficiency Tracking Automation,"Automated mechanisms exist to help ensure tracked deficiencies are:
(1) Accurate;
(2) Up-to-date; and
(3) Readily-available."
IAO-06,Technical Verification,"Mechanisms exist to perform Information Assurance Program (IAP) activities to evaluate the design, implementation and effectiveness of technical security, compliance and resilience controls."
IAO-07,Security Authorization,"Mechanisms exist to ensure Technology Assets, Applications and/or Services (TAAS) are officially authorized prior to ""go live"" in a production environment."
MNT-01,Maintenance Operations,"Mechanisms exist to develop, disseminate, review & update procedures to facilitate the implementation of maintenance controls across the enterprise."
MNT-02,Controlled Maintenance,"Mechanisms exist to conduct controlled maintenance activities throughout the lifecycle of the Technology Asset, Application and/or Service (TAAS)."
MNT-02.1,Automated Maintenance Activities,"Automated mechanisms exist to schedule, conduct and document maintenance and repairs."
MNT-03,Timely Maintenance,"Mechanisms exist to obtain maintenance support and/or spare parts for Technology Assets, Applications and/or Services (TAAS) within a defined Recovery Time Objective (RTO)."
MNT-03.1,Preventative Maintenance,"Mechanisms exist to perform preventive maintenance on critical Technology Assets, Applications and/or Services (TAAS)."
MNT-03.2,Predictive Maintenance,"Mechanisms exist to perform predictive maintenance on critical Technology Assets, Applications and/or Services (TAAS)."
MNT-03.3,Automated Support For Predictive Maintenance,Automated mechanisms exist to transfer predictive maintenance data to a computerized maintenance management system.
MNT-04,Maintenance Tools,Mechanisms exist to control and monitor the use of system maintenance tools.
MNT-04.1,Inspect Tools,Mechanisms exist to inspect maintenance tools carried into a facility by maintenance personnel for improper or unauthorized modifications.
MNT-04.2,Inspect Media,Mechanisms exist to check media containing diagnostic and test programs for malicious code before the media are used.
MNT-04.3,Prevent Unauthorized Removal,Mechanisms exist to prevent or control the removal of equipment undergoing maintenance that contains organizational information.
MNT-04.4,Restrict Tool Usage,Automated mechanisms exist to restrict the use of maintenance tools to authorized maintenance personnel and/or roles.
MNT-05,Remote Maintenance,"Mechanisms exist to authorize, monitor and control remote, non-local maintenance and diagnostic activities."
MNT-05.1,Auditing Remote Maintenance,"Mechanisms exist to audit remote, non-local maintenance and diagnostic sessions, as well as review the maintenance action performed during remote maintenance sessions."
MNT-05.2,Remote Maintenance Notifications,"Mechanisms exist to require maintenance personnel to notify affected stakeholders when remote, non-local maintenance is planned (e.g., date/time)."
MNT-05.3,Remote Maintenance Cryptographic Protection,"Cryptographic mechanisms exist to protect the integrity and confidentiality of remote, non-local maintenance and diagnostic communications."
MNT-05.4,Remote Maintenance Disconnect Verification,"Mechanisms exist to provide remote disconnect verification to ensure remote, non-local maintenance and diagnostic sessions are properly terminated."
MNT-05.5,Remote Maintenance Pre-Approval,"Mechanisms exist to require maintenance personnel to obtain pre-approval and scheduling for remote, non-local maintenance sessions."
MNT-05.6,Remote Maintenance Comparable Security & Sanitization,"Mechanisms exist to require Technology Assets, Applications and/or Services (TAAS) performing remote, non-local maintenance and/or diagnostic services implement a security capability comparable to the capability implemented on the system being serviced."
MNT-05.7,Separation of Maintenance Sessions,Mechanisms exist to protect maintenance sessions through replay-resistant sessions that are physically or logically separated communications paths from other network sessions.
MNT-06,Authorized Maintenance Personnel,Mechanisms exist to maintain a current list of authorized maintenance organizations or personnel.
MNT-06.1,Maintenance Personnel Without Appropriate Access,"Mechanisms exist to ensure the risks associated with maintenance personnel who do not have appropriate access authorizations, clearances or formal access approvals are appropriately mitigated."
MNT-06.2,Non-System Related Maintenance,Mechanisms exist to ensure that non-escorted personnel performing non-IT maintenance activities in the physical proximity of systems have required access authorizations.
MNT-07,Maintain Configuration Control During Maintenance,Mechanisms exist to maintain proper physical security and configuration control over technology assets awaiting service or repair.
MNT-08,Field Maintenance,Mechanisms exist to securely conduct field maintenance on geographically deployed assets.
MNT-09,Off-Site Maintenance,Mechanisms exist to ensure off-site maintenance activities are conducted securely and the asset(s) undergoing maintenance actions are secured during physical transfer and storage while off-site.
MNT-10,Maintenance Validation,"Mechanisms exist to validate:
(1) Maintenance activities were appropriately performed according to the work order; and
(2) Applicable security, compliance and resilience controls are operational."
MNT-11,Maintenance Monitoring,Mechanisms exist to maintain situational awareness of the quality and reliability of systems and components through tracking maintenance activities and component failure rates.
MDM-01,Centralized Management Of Mobile Devices,Mechanisms exist to implement and govern Mobile Device Management (MDM) controls.
MDM-02,Access Control For Mobile Devices,"Mechanisms exist to enforce access control requirements for the connection of mobile devices to organizational Technology Assets, Applications and/or Services (TAAS)."
MDM-03,Full Device & Container-Based Encryption,Cryptographic mechanisms exist to protect the confidentiality and integrity of information on mobile devices through full-device or container encryption.
MDM-04,Mobile Device Tampering,"Mechanisms exist to protect mobile devices from tampering through inspecting devices returning from locations that the organization deems to be of significant risk, prior to the device being connected to the organization's network."
MDM-05,Remote Purging,Mechanisms exist to remotely purge selected information from mobile devices.
MDM-06,Personally-Owned Mobile Devices,"Mechanisms exist to restrict the connection of personally-owned, mobile devices to organizational Technology Assets, Applications and/or Services (TAAS)."
MDM-07,Organization-Owned Mobile Devices,Mechanisms exist to prohibit the installation of non-approved applications or approved applications not obtained through the organization-approved application store.
MDM-08,Mobile Device Data Retention Limitations,Mechanisms exist to limit data retention on mobile devices to the smallest usable dataset and timeframe.
MDM-09,Mobile Device Geofencing,Mechanisms exist to restrict the functionality of mobile devices based on geographic location.
MDM-10,Separate Mobile Device Profiles,Mechanisms exist to enforce a separate device workspace on applicable mobile devices to separate work-related and personal-related applications and data.
MDM-11,"Restricting Access To Authorized Technology Assets, Applications and/or Services (TAAS)","Mechanisms exist to restrict the connectivity of unauthorized mobile devices from communicating with organizational Technology Assets, Applications and/or Services (TAAS)."
NET-01,Network Security Controls (NSC),"Mechanisms exist to develop, govern & update procedures to facilitate the implementation of Network Security Controls (NSC)."
NET-01.1,Zero Trust Architecture (ZTA),Mechanisms exist to treat all users and devices as potential threats and prevent access to data and resources until the users can be properly authenticated and their access authorized.
NET-02,Layered Network Defenses,Mechanisms exist to implement security functions as a layered structure that minimizes interactions between layers of the design and avoids any dependence by lower layers on the functionality or correctness of higher layers.
NET-02.1,Denial of Service (DoS) Protection,Automated mechanisms exist to protect against or limit the effects of denial of service attacks.
NET-02.2,Guest Networks,Mechanisms exist to implement and manage a secure guest network.
NET-02.3,Cross Domain Solution (CDS),Mechanisms exist to implement a Cross Domain Solution (CDS) to mitigate the specific security risks of accessing or transferring information between security domains.
NET-03,Boundary Protection,Mechanisms exist to monitor and control communications at the external network boundary and at key internal boundaries within the network.
NET-03.1,Limit Network Connections,"Mechanisms exist to limit the number of concurrent external network connections to its Technology Assets, Applications and/or Services (TAAS)."
NET-03.2,External Telecommunications Services,Mechanisms exist to maintain a managed interface for each external telecommunication service that protects the confidentiality and integrity of the information being transmitted across each interface.
NET-03.3,Prevent Discovery of Internal Information,Mechanisms exist to prevent the public disclosure of internal network information.
NET-03.4,Personal Data (PD),Mechanisms exist to apply network-based processing rules to data elements of Personal Data (PD).
NET-03.5,Prevent Unauthorized Exfiltration,Automated mechanisms exist to prevent the unauthorized exfiltration of sensitive and/or regulated data across managed interfaces.
NET-03.6,Dynamic Isolation & Segregation (Sandboxing),"Automated mechanisms exist to dynamically isolate (e.g., sandbox) untrusted components during runtime, where the component is isolated in a fault-contained environment but it can still collaborate with the application."
NET-03.7,Isolation of System Components,"Mechanisms exist to employ boundary protections to isolate Technology Assets, Applications and/or Services (TAAS) that support critical missions and/or business functions."
NET-03.8,Separate Subnet for Connecting to Different Security Domains,"Mechanisms exist to implement separate network addresses (e.g., different subnets) to connect to systems in different security domains."
NET-04,Data Flow Enforcement – Access Control Lists (ACLs),Mechanisms exist to implement and govern Access Control Lists (ACLs) to provide data flow enforcement that explicitly restrict network traffic to only what is authorized.
NET-04.1,Deny Traffic by Default & Allow Traffic by Exception,"Mechanisms exist to configure firewall and router configurations to deny network traffic by default and allow network traffic by exception (e.g., deny all, permit by exception)."
NET-04.2,Object Security Attributes,"Mechanisms exist to associate security attributes with information, source and destination objects to enforce defined information flow control configurations as a basis for flow control decisions."
NET-04.3,Content Check for Encrypted Data,Mechanisms exist to prevent encrypted data from bypassing content-checking mechanisms.
NET-04.4,Embedded Data Types,Mechanisms exist to enforce limitations on embedding data within other data types.
NET-04.5,Metadata,Mechanisms exist to enforce information flow controls based on metadata.
NET-04.6,Human Reviews,Mechanisms exist to enforce the use of human reviews for Access Control Lists (ACLs) and similar rulesets on a routine basis.
NET-04.7,Policy Decision Point (PDP),Automated mechanisms exist to evaluate access requests against established criteria to dynamically and uniformly enforce access rights and permissions.
NET-04.8,Data Type Identifiers,Automated mechanisms exist to utilize data type identifiers to validate data essential for information flow decisions when transferring information between different security domains.
NET-04.9,Decomposition Into Policy-Related Subcomponents,"Automated mechanisms exist to decompose information into policy-relevant subcomponents for submission to policy enforcement mechanisms, when transferring information between different security domains."
NET-04.10,Detection of Unsanctioned Information,"Automated mechanisms exist to implement security policy filters requiring fully enumerated formats that restrict data structure and content, when transferring information between different security domains."
NET-04.11,Approved Solutions,"Automated mechanisms exist to examine information for the presence of unsanctioned information and prohibits the transfer of such information, when transferring information between different security domains."
NET-04.12,Cross Domain Authentication,Automated mechanisms exist to uniquely identify and authenticate source and destination points for information transfer.
NET-04.13,Metadata Validation,Automated mechanisms exist to apply cybersecurity and/or data protection filters on metadata.
NET-04.14,Application Proxy,"Mechanisms exist to terminate, inspect, control and reinitiate application traffic, regardless of the user’s location or the security posture of the surrounding network."
NET-05,Interconnection Security Agreements (ISAs),"Mechanisms exist to authorize connections from systems to other systems using Interconnection Security Agreements (ISAs), or similar methods, that document, for each interconnection:
(1) Interface characteristics;
(2) Security, compliance and resilience requirements; and;
(3) The nature of the information communicated."
NET-05.1,External System Connections,Mechanisms exist to prohibit the direct connection of a sensitive system to an external network without the use of an organization-defined boundary protection device.
NET-05.2,Internal System Connections,"Mechanisms exist to control internal system connections through authorizing internal connections of systems and documenting, for each internal connection, the interface characteristics, security requirements and the nature of the information communicated."
NET-06,Network Segmentation (macrosegmentation),"Mechanisms exist to implement network segmentation within network architectures to isolate Technology Assets, Applications and/or Services (TAAS) from other network resources."
NET-06.1,Security Management Subnets,Mechanisms exist to implement security management subnets to isolate security tools and support components from other internal system components by implementing separate subnetworks with managed interfaces to other components of the system.
NET-06.2,Virtual Local Area Network (VLAN) Separation,Mechanisms exist to enable Virtual Local Area Networks (VLANs) to limit the ability of devices on a network to directly communicate with other devices on the subnet and limit an attacker's ability to laterally move to compromise neighboring systems.
NET-06.3,Sensitive / Regulated Data Enclave (Secure Zone),Mechanisms exist to implement segmentation controls to restrict inbound and outbound connectivity for sensitive and/or regulated data enclaves (secure zones).
NET-06.4,Segregation From Enterprise Services,"Mechanisms exist to isolate sensitive and/or regulated data enclaves (secure zones) from corporate-provided IT resources by providing enclave-specific IT services (e.g., directory services, DNS, NTP, ITAM, antimalware, patch management, etc.) to those isolated network segments."
NET-06.5,Direct Internet Access Restrictions,"Mechanisms exist to prohibit, or strictly-control, Internet access from sensitive and/or regulated data enclaves (secure zones)."
NET-06.6,Microsegmentation,"Automated mechanisms exist to enable microsegmentation, either physically or virtually, to divide the network according to application and data workflows communications needs."
NET-06.7,Software Defined Networking (SDN),"Automated mechanisms exist to enable dynamic, policy-driven network segmentation, access controls and traffic management with a Software Defined Networking (SDN) architecture."
NET-06.8,Network Device Plane Segmentation,"Automated mechanisms exist to separate network appliance functions (e.g., management, control and data planes) to prevent ordinary traffic from accessing functions that:
(1) Manage network appliances; and/or
(2) Affect network operations."
NET-06.9,Separate Subnets To Isolate Functions,"Mechanisms exist to implement physically or logically separate subnetworks to isolate organization-defined Technology Assets, Applications, Services and/or Data (TAASD)."
NET-07,Network Connection Termination,Mechanisms exist to terminate network connections at the end of a session or after an organization-defined time period of inactivity.
NET-08,Network Intrusion Detection / Prevention Systems (NIDS / NIPS),Mechanisms exist to employ Network Intrusion Detection / Prevention Systems (NIDS/NIPS) to detect and/or prevent intrusions into the network.
NET-08.1,DMZ Networks,Mechanisms exist to monitor De-Militarized Zone (DMZ) network segments to separate untrusted networks from trusted networks.
NET-08.2,Wireless Intrusion Detection / Prevention Systems (WIDS / WIPS) Deployment,Mechanisms exist to utilize Wireless Intrusion Detection / Protection Systems (WIDS / WIPS) on wireless network segments.
NET-08.3,Host Containment,Automated mechanisms exist to enforce host containment protections that revoke or quarantine a host’s access to the network.
NET-08.4,Resource Containment,Automated mechanisms exist to enforce resource containment protections that remove or quarantine a resource’s access to other resources.
NET-09,Session Integrity,Mechanisms exist to protect the authenticity and integrity of communications sessions.
NET-09.1,Invalidate Session Identifiers at Logout,Automated mechanisms exist to invalidate session identifiers upon user logout or other session termination.
NET-09.2,Unique System-Generated Session Identifiers,Automated mechanisms exist to generate and recognize unique session identifiers for each session.
NET-10,Domain Name Service (DNS) Resolution,"Mechanisms exist to ensure Domain Name Service (DNS) resolution is designed, implemented and managed to protect the security of name / address resolution."
NET-10.1,Architecture & Provisioning for Name / Address Resolution Service,Mechanisms exist to ensure systems that collectively provide Domain Name Service (DNS) resolution service are fault-tolerant and implement internal/external role separation.
NET-10.2,Secure Name / Address Resolution Service (Recursive or Caching Resolver),Mechanisms exist to perform data origin authentication and data integrity verification on the Domain Name Service (DNS) resolution responses received from authoritative sources when requested by client systems.
NET-10.3,Sender Policy Framework (SPF),Mechanisms exist to validate the legitimacy of email communications through configuring a Domain Naming Service (DNS) Sender Policy Framework (SPF) record to specify the IP addresses and/or hostnames that are authorized to send email from the specified domain.
NET-10.4,Domain Registrar Security,"Mechanisms exist to lock the domain name registrar to prevent a denial of service caused by unauthorized deletion, transfer or other unauthorized modification of a domain’s registration details."
NET-11,Out-of-Band Channels,Mechanisms exist to utilize out-of-band channels for the electronic transmission of information and/or the physical shipment of system components or devices to authorized individuals.
NET-12,Safeguarding Data Over Open Networks,"Cryptographic mechanisms exist to implement strong cryptography and security protocols to safeguard sensitive and/or regulated data during transmission over open, public networks."
NET-12.1,Wireless Link Protection,"Mechanisms exist to protect external and internal wireless links from signal parameter attacks through monitoring for unauthorized wireless connections, including scanning for unauthorized wireless access points and taking appropriate action, if an unauthorized connection is discovered."
NET-12.2,End-User Messaging Technologies,Mechanisms exist to prohibit the transmission of unprotected sensitive and/or regulated data by end-user messaging technologies.
NET-13,Electronic Messaging,"Mechanisms exist to protect the confidentiality, integrity and availability of electronic messaging communications."
NET-14,Remote Access,"Mechanisms exist to define, control and review organization-approved, secure remote access methods."
NET-14.1,Automated Monitoring & Control,Automated mechanisms exist to monitor and control remote access sessions.
NET-14.2,Protection of Confidentiality / Integrity Using Encryption,"Cryptographic mechanisms exist to protect the confidentiality and integrity of remote access sessions (e.g., VPN)."
NET-14.3,Managed Access Control Points,"Mechanisms exist to route all remote accesses through managed network access control points (e.g., VPN concentrator)."
NET-14.4,Remote Privileged Commands & Sensitive Data Access,Mechanisms exist to restrict the execution of privileged commands and access to security-relevant information via remote access only for compelling operational needs.
NET-14.5,Work From Anywhere (WFA) - Telecommuting Security,"Mechanisms exist to define secure telecommuting practices and govern remote access to Technology Assets, Applications, Services and/or Data (TAASD) for remote workers."
NET-14.6,Third-Party Remote Access Governance,"Mechanisms exist to proactively control and monitor third-party accounts used to access, support, or maintain system components via remote access."
NET-14.7,Endpoint Security Validation,"Automated mechanisms exist to validate the security posture of the endpoint devices (e.g., software versions, patch levels, etc.) prior to allowing devices to connect to organizational Technology Assets, Applications and/or Services (TAAS)."
NET-14.8,Expeditious Disconnect / Disable Capability,Mechanisms exist to provide the capability to expeditiously disconnect or disable a user's remote access session.
NET-15,Wireless Networking,Mechanisms exist to control authorized wireless usage and monitor for unauthorized wireless access.
NET-15.1,Authentication & Encryption,"Mechanisms exist to secure Wi-Fi (e.g., IEEE 802.11) and prevent unauthorized access by:
(1) Authenticating devices trying to connect; and
(2) Encrypting transmitted data."
NET-15.2,Disable Wireless Networking,Mechanisms exist to disable unnecessary wireless networking capabilities that are internally embedded within system components prior to issuance to end users.
NET-15.3,Restrict Configuration By Users,Mechanisms exist to identify and explicitly authorize users who are allowed to independently configure wireless networking capabilities.
NET-15.4,Wireless Boundaries,Mechanisms exist to confine wireless communications to organization-controlled boundaries.
NET-15.5,Rogue Wireless Detection,Mechanisms exist to test for the presence of Wireless Access Points (WAPs) and identify all authorized and unauthorized WAPs within the facility(ies).
NET-16,Intranets,"Mechanisms exist to establish trust relationships with other organizations owning, operating, and/or maintaining intranet systems, allowing authorized individuals to:
(1) Access the intranet from external Technology Assets, Applications and/or Services (TAAS); and
(2) Process, store, and/or transmit organization-controlled information using the external TAAS."
NET-17,Data Loss Prevention (DLP),"Automated mechanisms exist to implement Data Loss Prevention (DLP) to protect sensitive information as it is stored, transmitted and processed."
NET-18,DNS & Content Filtering,"Mechanisms exist to force Internet-bound network traffic through a proxy device (e.g., Policy Enforcement Point (PEP)) for URL content filtering and DNS filtering to limit a user's ability to connect to dangerous or prohibited Internet sites."
NET-18.1,Route Internal Traffic to Proxy Servers,Mechanisms exist to route internal communications traffic to external networks through organization-approved proxy servers at managed interfaces.
NET-18.2,Visibility of Encrypted Communications,Mechanisms exist to configure the proxy to make encrypted communications traffic visible to monitoring tools and mechanisms.
NET-18.3,Route Privileged Network Access,"Automated mechanisms exist to route networked, privileged accesses through a dedicated, managed interface for purposes of access control and auditing."
NET-18.4,Protocol Compliance Enforcement,Automated mechanisms exist to ensure network traffic complies with Internet Engineering Task Force (IETF) protocol specifications.
NET-18.5,Domain Name Verification,"Mechanisms exist to ensure that domain name lookups, whether for internal or external domains, are validated according to Domain Name System Security Extensions (DNSSEC)."
NET-18.6,Internet Address Denylisting,Mechanisms exist to implement Internet address denylisting protections that blocks traffic received from or destined to a denylisted Internet address.
NET-18.7,Bandwidth Control,Mechanisms exist to implement bandwidth control technologies to limit the amount of bandwidth used by categories of domains that are bandwidth-intensive.
NET-18.8,Authenticated Proxy,"Mechanisms exist to force systems and processes to authenticate Internet-bound traffic with a proxy to enable user, group and/or location-aware security controls."
NET-18.9,Certificate Denylisting,"Mechanisms exist to prevent communication with Technology Assets, Applications and/or Services (TAAS) that use a set of known bad certificates."
NET-19,Content Disarm and Reconstruction (CDR),"Automated Content Disarm and Reconstruction (CDR) mechanisms exist to detect the presence of unapproved active content and facilitate its removal, resulting in content with only known safe elements."
NET-20,Email Content Protections,Mechanisms exist to implement an email filtering security service to detect malicious attachments in emails and prevent users from accessing them.
NET-20.1,Email Domain Reputation Protections,Mechanisms exist to monitor the organization's email domain’s reputation and protect the email domain’s reputation.
NET-20.2,Sender Denylisting,"Mechanisms exist to implement sender denylisting protections that prevent the reception of email from denylisted senders, domains and/or email servers."
NET-20.3,Authenticated Received Chain (ARC),"Mechanisms exist to utilize an authenticated received chain that allows for an intermediary to sign its own authentication of the original email, allowing downstream entities to accept the intermediary’s authentication even if the email was changed."
NET-20.4,Domain-Based Message Authentication Reporting and Conformance (DMARC),Mechanisms exist to implement domain signature verification protections that authenticate incoming email according to the Domain-based Message Authentication Reporting and Conformance (DMARC).
NET-20.5,User Digital Signatures for Outgoing Email,"Mechanisms exist to enable users to digitally sign their emails, allowing external parties to authenticate the email’s sender and its contents according to the Domain-based Message Authentication Reporting and Conformance (DMARC) email authentication protocol."
NET-20.6,Encryption for Outgoing Email,Mechanisms exist to enable the encryption of outgoing emails using organization-approved cryptographic means.
NET-20.7,Adaptive Email Protections,Mechanisms exist to utilize adaptive email protections that involve employing risk-based analysis in the application and enforcement of email protections.
NET-20.8,Email Labeling,Automated mechanisms exist to implement email labeling that apply organization-defined tags to incoming or outgoing email.
NET-20.9,User Threat Reporting,"Mechanisms exist to incorporate submissions from users of phishing attempts, spam or otherwise malicious actions to better protect the organization."
PES-01,Physical & Environmental Protections,Mechanisms exist to facilitate the operation of physical and environmental protection controls.
PES-01.1,Physical Security Plan (PSP),"Mechanisms exist to document a Physical Security Plan (PSP), or similar document, to summarize the implemented security controls to protect physical access to technology assets, as well as applicable risks and threats."
PES-01.2,Zone-Based Physical Security,Mechanisms exist to implement a zone-based approach to physical security.
PES-02,Physical Access Authorizations,Physical access control mechanisms exist to maintain a current list of personnel with authorized access to organizational facilities (except for those areas within the facility officially designated as publicly accessible).
PES-02.1,Role-Based Physical Access,Physical access control mechanisms exist to authorize physical access to facilities based on the position or role of the individual.
PES-02.2,Dual Authorization for Physical Access,"Mechanisms exist to enforce a ""two-person rule"" for physical access by requiring two authorized individuals with separate access cards, keys or PINs, to access highly-sensitive areas (e.g., safe, high-security cage, etc.)."
PES-03,Physical Access Control,Physical access control mechanisms exist to enforce physical access authorizations for all physical access points (including designated entry/exit points) to facilities (excluding those areas within the facility officially designated as publicly accessible).
PES-03.1,Controlled Ingress & Egress Points,Physical access control mechanisms exist to limit and monitor physical access through controlled ingress and egress points.
PES-03.2,Lockable Physical Casings,"Physical access control mechanisms exist to protect system components from unauthorized physical access (e.g., lockable physical casings)."
PES-03.3,Physical Access Logs,Physical access control mechanisms generate a log entry for each access attempt through controlled ingress and egress points.
PES-03.4,Access To Critical Systems,"Physical access control mechanisms exist to enforce physical access to critical systems or sensitive and/or regulated data, in addition to the physical access controls for the facility."
PES-04,"Physical Security of Offices, Rooms & Facilities","Mechanisms exist to identify systems, equipment and respective operating environments that require limited physical access so that appropriate physical access controls are designed and implemented for offices, rooms and facilities."
PES-04.1,Working in Secure Areas,Physical security mechanisms exist to allow only authorized personnel access to secure areas.
PES-04.2,Searches,"Physical access control mechanisms exist to inspect personnel and their personal effects (e.g., personal property ordinarily worn or carried by the individual, including vehicles) to prevent the unauthorized exfiltration of data and technology assets."
PES-04.3,Temporary Storage,"Physical access control mechanisms exist to temporarily store undelivered packages or deliveries in a dedicated, secure area (e.g., security cage, secure room) that is locked, access-controlled and monitored with surveillance cameras and/or security guards."
PES-05,Monitoring Physical Access,"Physical access control mechanisms exist to monitor for, detect and respond to physical security incidents."
PES-05.1,Intrusion Alarms / Surveillance Equipment,Physical access control mechanisms exist to monitor physical intrusion alarms and surveillance equipment.
PES-05.2,Monitoring Physical Access To Critical Systems,"Facility security mechanisms exist to monitor physical access to critical systems or sensitive and/or regulated data, in addition to the physical access monitoring of the facility."
PES-06,Visitor Control,"Physical access control mechanisms exist to identify, authorize and monitor visitors before allowing access to the facility (other than areas designated as publicly accessible)."
PES-06.1,Distinguish Visitors from On-Site Personnel,"Physical access control mechanisms exist to easily distinguish between onsite personnel and visitors, especially in areas where sensitive and/or regulated data is accessible."
PES-06.2,Identification Requirement,Physical access control mechanisms exist to requires at least one(1) form of government-issued or organization-issued photo identification to authenticate individuals before they can gain access to the facility.
PES-06.3,Restrict Unescorted Access,"Physical access control mechanisms exist to restrict unescorted access to facilities to personnel with required security clearances, formal access authorizations and validate the need for access."
PES-06.4,Automated Records Management & Review,Automated mechanisms exist to facilitate the maintenance and review of visitor access records.
PES-06.5,Minimize Visitor Personal Data (PD),Mechanisms exist to minimize the collection of Personal Data (PD) contained in visitor access records.
PES-06.6,Visitor Access Revocation,"Mechanisms exist to ensure visitor badges, or other issued identification, are surrendered before visitors leave the facility or are deactivated at a pre-determined time/date of expiration."
PES-07,Supporting Utilities,Facility security mechanisms exist to protect power equipment and power cabling for the system from damage and destruction.
PES-07.1,Automatic Voltage Controls,Facility security mechanisms exist to utilize automatic voltage controls for critical system components.
PES-07.2,Emergency Shutoff,"Facility security mechanisms exist to shut off power in emergency situations by:
(1) Placing emergency shutoff switches or devices in close proximity to systems or system components to facilitate safe and easy access for personnel; and
(2) Protecting emergency power shutoff capability from unauthorized activation."
PES-07.3,Emergency Power,"Facility security mechanisms exist to supply alternate power, capable of maintaining minimally-required operational capability, in the event of an extended loss of the primary power source."
PES-07.4,Emergency Lighting,Facility security mechanisms exist to utilize and maintain automatic emergency lighting that activates in the event of a power outage or disruption and that covers emergency exits and evacuation routes within the facility.
PES-07.5,Water Damage Protection,"Facility security mechanisms exist to protect systems from damage resulting from water leakage by providing master shutoff valves that are accessible, working properly and known to key personnel."
PES-07.6,Automation Support for Water Damage Protection,Facility security mechanisms exist to detect the presence of water in the vicinity of critical systems and alert facility maintenance and IT personnel.
PES-07.7,Redundant Cabling,Mechanisms exist to employ redundant power cabling paths that are physically separated to ensure that power continues to flow in the event one of the cables is cut or otherwise damaged.
PES-08,Fire Protection,Facility security mechanisms exist to utilize and maintain fire suppression and detection devices/systems for the system that are supported by an independent energy source.
PES-08.1,Fire Detection Devices,Facility security mechanisms exist to utilize and maintain fire detection devices/systems that activate automatically and notify organizational personnel and emergency responders in the event of a fire.
PES-08.2,Fire Suppression Devices,Facility security mechanisms exist to utilize fire suppression devices/systems that provide automatic notification of any activation to organizational personnel and emergency responders.
PES-08.3,Automatic Fire Suppression,Facility security mechanisms exist to employ an automatic fire suppression capability for critical systems when the facility is not staffed on a continuous basis.
PES-09,Temperature & Humidity Controls,Facility security mechanisms exist to maintain and monitor temperature and humidity levels within the facility.
PES-09.1,Monitoring with Alarms / Notifications,Facility security mechanisms exist to trigger an alarm or notification of temperature and humidity changes that be potentially harmful to personnel or equipment.
PES-10,Delivery & Removal,Physical security mechanisms exist to isolate information processing facilities from points such as delivery and loading areas and other points to avoid unauthorized access.
PES-11,Alternate Work Site,"Physical security mechanisms exist to utilize appropriate management, operational and technical controls at alternate work sites."
PES-12,Equipment Siting & Protection,Physical security mechanisms exist to locate system components within the facility to minimize potential damage from physical and environmental hazards and to minimize the opportunity for unauthorized access.
PES-12.1,Transmission Medium Security,"Physical security mechanisms exist to protect power and telecommunications cabling carrying data or supporting information services from interception, interference or damage."
PES-12.2,Access Control for Output Devices,Physical security mechanisms exist to restrict access to printers and other system output devices to prevent unauthorized individuals from obtaining the output.
PES-13,Information Leakage Due To Electromagnetic Signals Emanations,Facility security mechanisms exist to protect the system from information leakage due to electromagnetic signals emanations.
PES-14,Asset Monitoring and Tracking,Physical security mechanisms exist to employ asset location technologies that track and monitor the location and movement of organization-defined assets within organization-defined controlled areas.
PES-15,Electromagnetic Pulse (EMP) Protection,Physical security mechanisms exist to employ safeguards against Electromagnetic Pulse (EMP) damage for systems and system components.
PES-16,Component Marking,"Physical security mechanisms exist to mark system hardware components indicating the impact or classification level of the information permitted to be processed, stored or transmitted by the hardware component."
PES-17,Proximity Sensor,Automated mechanisms exist to monitor physical proximity to robotic or autonomous platforms to reduce applied force or stop the operation when sensors indicate a potentially dangerous scenario.
PES-18,On-Site Client Segregation,Mechanisms exist to ensure client-specific sensitive and/or regulated data is isolated from other data when client-specific sensitive and/or regulated data is processed or stored within multi-client workspaces.
PES-19,Physical Access Device Inventories,"Mechanisms exist to maintain an accurate inventory of all physical access devices (e.g., RFID cards, access fobs, door keys, etc.)."
PRI-01,Data Privacy Program,"Mechanisms exist to facilitate the implementation and operation of data protection controls throughout the data lifecycle to ensure all forms of Personal Data (PD) are processed lawfully, fairly and transparently."
PRI-01.1,Chief Privacy Officer (CPO),"Mechanisms exist to appoints a Chief Privacy Officer (CPO) or similar role, with the authority, mission, accountability and resources to coordinate, develop and implement, applicable data privacy requirements and manage data privacy risks through the organization-wide data privacy program."
PRI-01.2,Privacy Act Statements,"Mechanisms exist to provide additional formal notice to individuals from whom the information is being collected that includes:
(1) Notice of the authority of organizations to collect Personal Data (PD);
(2) Whether providing PD is mandatory or optional;
(3) The principal purpose or purposes for which the PD is to be used;
(4) The intended disclosures or routine uses of the information; and
(5) The consequences of not providing all or some portion of the information requested."
PRI-01.3,Dissemination of Data Privacy Program Information,"Mechanisms exist to:
(1) Ensure that the public has access to information about organizational data privacy activities and can communicate with its Chief Privacy Officer (CPO) or similar role;
(2) Ensure that organizational data privacy practices are publicly available through organizational websites or document repositories;
(3) Utilize publicly facing email addresses and/or phone lines to enable the public to provide feedback and/or direct questions to data privacy office(s) regarding data privacy practices; and
(4) Inform data subjects when changes are made to the privacy notice and the nature of such changes."
PRI-01.4,Data Protection Officer (DPO),"Mechanisms exist to appoint a Data Protection Officer (DPO):
(1) Based on professional qualifications; and
(2) To be involved in all issues related to how Personal Data (PD) is collected, received, processed, stored, transmitted, shared, updated and/or disposed."
PRI-01.5,Binding Corporate Rules (BCR),"Mechanisms exist to implement and manage Binding Corporate Rules (BCR) (e.g., data sharing agreement) to legally-bind all parties engaged in a joint economic activity that contractually states enforceable rights on data subjects with regard to the processing of their personal data."
PRI-01.6,Security of Personal Data (PD),Mechanisms exist to ensure Personal Data (PD) is protected by logical and physical security safeguards that are sufficient and appropriately scoped to protect the confidentiality and integrity of the PD.
PRI-01.7,Limiting Personal Data (PD) Disclosures,Mechanisms exist to limit the disclosure of Personal Data (PD) to authorized parties for the sole purpose for which the PD was obtained.
PRI-01.8,Data Fiduciary,"Mechanisms exist to appoint an individual to determine the following criteria about Personal Data (PD):
(1) The purpose why PD is necessary;
(2) Authorized methods to collect, receive, process, store, transmit, share, update and/or dispose PD; and
(3) Authorized parties PD may be shared with."
PRI-01.9,Personal Data (PD) Process Manager,"Mechanisms exist to assign accountability to a Personal Data Process Manager, or equivalent role, to ensure Personal Data (PD) is collected, received, processed, stored, transmitted, shared, updated and/or disposed of according to data subject consent."
PRI-01.10,Financial Incentives For Personal Data (PD),Mechanisms exist to strictly govern financial incentives offered to data subjects for Personal Data (PD) to ensure compliance with applicable legal and regulatory requirements.
PRI-01.11,Reasonable Data Privacy Practices,"Mechanisms exist to limit the collection, receiving, processing, storage, transmission, sharing, updating and/or disposal of Personal Data (PD) according to reasonable consumer expectations for what is necessary and proportionate."
PRI-01.12,Privacy-Aware Design,"Mechanisms exist to formally incorporate the organization's data privacy principles into engineering, product and model design requirements to ensure data privacy is built in by default and by design."
PRI-02,Data Privacy Notice,"Mechanisms exist to:
(1) Make data privacy notice(s) available to individuals upon first interacting with an organization and subsequently as necessary;
(2) Ensure that data privacy notices are clear and easy-to-understand, expressing relevant information about how Personal Data (PD) is collected, received, processed, stored, transmitted, shared, updated and/or disposed;
(3) Contain all necessary notice-related criteria required by applicable statutory, regulatory and contractual obligations;
(4) Define the scope of PD processing activities, including the geographic locations and third-party recipients that process the PD within the scope of the data privacy notice;
(5) Periodically, review and update the content of the privacy notice, as necessary; and
(6) Retain prior versions of the privacy notice, in accordance with data retention requirements."
PRI-02.1,Purpose Specification,"Mechanisms exist to ensure data privacy notices identify the purpose(s) for which Personal Data (PD) is collected, received, processed, stored, transmitted and/or shared."
PRI-02.2,Automated Data Management Processes,"Automated mechanisms exist to adjust data that is able to be collected, received, processed, stored, transmitted, shared, updated and/or disposed, based on updated data subject authorization(s)."
PRI-02.3,Computer Matching Agreements (CMA),Mechanisms exist to publish Computer Matching Agreements (CMA) on the organization's public website(s).
PRI-02.4,System of Records Notice (SORN),"Mechanisms exist to draft, publish and keep System of Records Notices (SORN) updated in accordance with regulatory guidance."
PRI-02.5,System of Records Notice (SORN) Review Process,Mechanisms exist to review all routine uses of data published in the System of Records Notices (SORN) to ensure continued accuracy and to ensure that routine uses continue to be compatible with the purpose for which the information was collected.
PRI-02.6,Privacy Act Exemptions,Mechanisms exist to review all Privacy Act exemptions claimed for the System of Records Notices (SORN) to ensure they remain appropriate and accurate.
PRI-02.7,Real-Time or Layered Notice,Mechanisms exist to provide real-time and/or layered notice when Personal Data (PD) is collected that provides data subjects with a summary of key points or more detailed information that is specific to the organization's data privacy notice.
PRI-02.8,Purpose Compatibility,"Mechanisms exist to periodically assess disclosed purposes for which Personal Data (PD) is collected, received, processed, stored, transmitted and/or shared to ensure compatibility with reasonable consumer expectations."
PRI-02.9,Privacy Notice Formatting,"Mechanisms exist to reasonably accommodate data privacy notice formatting for consumers requiring alternative formatting due to accessibility needs through:
(1) Screen resolution / screen sizes;
(2) Multilingual support; and/or
(3) Disability-specific concessions."
PRI-02.10,Symmetry In Choice,"Mechanisms exist to ensure symmetry in choice, where options presented to consumers for more protective options are not longer, more difficult, nor more time-consuming than less protective options."
PRI-02.11,Choice Architecture,"Mechanisms exist to avoid choice architecture that impairs, interferes with or subverts a consumer’s ability to make well-informed choices."
PRI-02.12,Choice Architecture Testing,Mechanisms exist to perform testing of choice architecture to ensure it does not undermine a consumer’s ability to submit choice selections.
PRI-02.13,Notice of Right To Limit,"Mechanisms exist to include within the data privacy notice a notification to data subjects of:
(1) Their right to limit the use and disclosure of their sensitive Personal Data (sPD); and
(2) The methods available to exercise that right."
PRI-02.14,Alternative Means To Deliver Privacy Notice,Mechanisms exist to provide data subjects with a data privacy notice through alternative means for interactions that do not utilize an interface on a website or application.
PRI-03,Data Subject Consent,"Mechanisms exist to enable data subjects to authorize the collection, receipt, processing, storage, transmission, sharing, updating and/or disposal of their Personal Data (PD), where the data subject is provided, prior to collection, with:
(1) Plain language explaining the potential data privacy risks of the authorization;
(2) A means to decline the authorization; and
(3) Necessary choice and consent-related criteria required by applicable statutory, regulatory and contractual obligations."
PRI-03.1,Tailored Consent,"Mechanisms exist to allow data subjects to modify permission to collect, receive, process, store, transmit, share, update and/or dispose selected attributes of their Personal Data (PD)."
PRI-03.2,Just-In-Time Notice & Updated Consent,"Mechanisms exist to present data subjects with a new or updated consent request to collect, receive, process, store, transmit, share, update and/or dispose Personal Data (PD) in conjunction with the data action, when:
(1) The original circumstances under which an individual gave consent have changed; or
(2) A significant amount of time has passed since an individual gave consent."
PRI-03.3,"Prohibition of Selling, Processing and/or Sharing Personal Data (PD)","Mechanisms exist to prevent the sale, processing and/or sharing of Personal Data (PD) when:
(1) Instructed by the data subject; or
(2) The data subject is a minor, where selling and/or sharing PD is legally prohibited."
PRI-03.4,Revoke Consent,"Mechanisms exist to allow data subjects to revoke consent to collect, receive, process, store, transmit, share and/or update their Personal Data (PD)."
PRI-03.5,Product or Service Delivery Restrictions,"Mechanisms exist to prevent discrimination against a data subject for exercising their legal rights pertaining to modifying or revoking consent, including prohibiting:
(1) Refusing products and/or services;
(2) Charging different rates for goods and/or services; and
(3) Providing different levels of quality."
PRI-03.6,Authorized Agent,"Mechanisms exist to allow data subjects to authorize another person or entity (e.g., authorized agent, proxy, etc.), acting on the data subject's behalf, to make Personal Data (PD) processing decisions."
PRI-03.7,Active Participation By Data Subjects,"Mechanisms exist to compel data subjects to select the level of consent deemed appropriate by the data subject for the relevant business purpose (e.g., opt-in, opt-out, accept all cookies, etc.)."
PRI-03.8,Global Privacy Control (GPC),"Automated mechanisms exist to provide data subjects with functionality to exercise pre-selected opt-out preferences (e.g., opt-out signal)."
PRI-03.9,Continued Use of Personal Data (PD),"Mechanisms exist to govern the continued use of Personal Data (PD) as it is collected, received, processed, stored, transmitted, shared and/or updated until:
(1) Disposal of PD occurs when there is no longer a legitimate business purpose;
(2) Disposal of PD occurs when the data retention timeline for the use case is met; and/or
(3) Continued use of PD is prohibited upon withdrawal of data subject consent."
PRI-03.10,"Cease Processing, Storing and/or Sharing Personal Data (PD)","Mechanisms exist to ensure the organization ceases collecting, receiving, processing, storing, transmitting, sharing and/or updating Personal Data (PD) upon receiving a data subject's consent revocation."
PRI-03.11,Communicating Processing Changes,"Mechanisms exist to notify data subjects of processing changes affecting their Personal Data (PD), including:
(1) Erasure of PD;
(2) Remediation of incorrect PD; and/or
(3) Processing restrictions affecting their PD."
PRI-03.12,Data Subject Opt-In Consent,"Mechanisms exist to obtain consent from data subjects to opt-in for the following Personal Data (PD) actions:
(1) Collecting;
(2) Receiving;
(3) Processing;
(4) Storing;
(5) Transmitting:
(6) Sharing; and/or
(7) Updating."
PRI-03.13,Parent or Guardian Opt-In Consent For Minors,"Mechanisms exist to obtain parental or guardian consent for Personal Data (PD) processing actions through reasonable consumer expectations, when the data subject is a minor."
PRI-04,"Restrict Collection, Processing & Sharing To Identified Purpose","Mechanisms exist to minimize the collection, processing and/or sharing of Personal Data (PD) to only what is adequate, relevant and limited to the purposes identified in the data privacy notice, including protections against collecting PD from minors without appropriate parental or legal guardian consent."
PRI-04.1,"Authority To Collect, Process, Store & Share Personal Data (PD)","Mechanisms exist to determine and document the legal authority that permits the organization to collect, receive, process, store, transmit, share, update and/or dispose Personal Data (PD), either generally or in support of a specific business process."
PRI-04.2,Primary Sources,"Mechanisms exist to ensure information is directly collected from the data subject, whenever possible."
PRI-04.3,Identifiable Image Collection,"Mechanisms exist to restrict collecting, receiving, processing, storing, transmitting and/or sharing of photographic and/or video surveillance image collection that can identify individuals to legitimate business needs."
PRI-04.4,Acquired Personal Data (PD),"Mechanisms exist to promptly inform data subjects of the utilization purpose when their Personal Data (PD) is acquired and not received directly from the data subject, except where that utilization purpose was disclosed in advance to the data subject."
PRI-04.5,Validate Collected Personal Data (PD),"Mechanisms exist to ensure that the data subject, or authorized representative, validate Personal Data (PD) during the collection process."
PRI-04.6,Re-Validate Collected Personal Data (PD),"Mechanisms exist to ensure that the data subject, or authorized representative, re-validate that Personal Data (PD) acquired during the collection process is still accurate."
PRI-04.7,Personal Data (PD) Collection Methods,"Mechanisms exist to ensure that Personal Data (PD) collection methods are:
(1) In accordance with applicable statutory and/or regulatory requirements;
(2) Appropriate for the circumstances of the data subject;
(3) Unambiguous; and
(4) Secure."
PRI-05,Personal Data (PD) Retention & Disposal,"Mechanisms exist to:
(1) Retain Personal Data (PD), including metadata, for an organization-defined time period to fulfill the purpose(s) identified in the notice or as required by law;
(2) Dispose of, destroys, erases, and/or anonymizes the PD, regardless of the method of storage; and
(3) Use organization-defined techniques or methods to ensure secure deletion or destruction of PD (including originals, copies and archived records)."
PRI-05.1,"Internal Use of Personal Data (PD) For Testing, Training and Research","Mechanisms exist to address the use of Personal Data (PD) for internal testing, training and research that:
(1) Takes measures to limit or minimize the amount of PD used for internal testing, training and research purposes; and
(2) Authorizes the use of PD when such information is required for internal testing, training and research."
PRI-05.2,Personal Data (PD) Accuracy & Integrity,"Mechanisms exist to ensure the accuracy and relevance of Personal Data (PD) throughout the information lifecycle by:
(1) Keeping PD up-to-date; and
(2) Remediating identified inaccuracies, as necessary."
PRI-05.3,Data Anonymization,"Mechanisms exist to mask sensitive and/or regulated data through data anonymization, pseudonymization, redaction and/or de-identification."
PRI-05.4,Usage Restrictions of Personal Data (PD),"Mechanisms exist to restrict collecting, receiving, processing, storing, transmitting, sharing and/or updating Personal Data (PD) to:
(1) The purpose(s) originally collected, consistent with the data privacy notice(s);
(2) What is authorized by the data subject, or authorized agent; and
(3) What is consistent with applicable laws, regulations and contractual obligations."
PRI-05.5,Inventory of Personal Data (PD),"Mechanisms exist to establish and maintain a current inventory of all Technology Assets, Applications and/or Services (TAAS) that collect, receive, process, store, transmit, share, update and/or dispose Personal Data (PD)."
PRI-05.6,Personal Data (PD) Inventory Automation Support,Automated mechanisms exist to determine if Personal Data (PD) is maintained in electronic form.
PRI-05.7,Personal Data (PD) Categories,Mechanisms exist to define and implement data handling and protection requirements for specific categories of sensitive Personal Data (PD).
PRI-05.8,Personal Data (PD) Formats,Mechanisms exist to retain Personal Data (PD) in a format permitting data subject identification for no longer than is necessary for legitimate business purposes.
PRI-06,Data Subject Empowerment,"Mechanisms exist to provide authenticated data subjects the ability to:
(1) Access their Personal Data (PD) that is being processed, stored and shared, except where the burden, risk or expense of providing access would be disproportionate to the benefit offered to the data subject through granting access;
(2) Obtain answers on the specifics of how their PD is collected, received, processed, stored, transmitted, shared, updated and/or disposed;
(3) Obtain the source(s) of their PD;
(4) Obtain the categories of their PD being collected, received, processed, stored and shared;
(5) Request correction to their PD due to inaccuracies;
(6) Request erasure of their PD; and
(7) Restrict the further collecting, receiving, processing, storing, transmitting, updated and/or sharing of their PD."
PRI-06.1,Correcting Inaccurate Personal Data (PD),"Mechanisms exist to maintain a process for:
(1) Data subjects to have inaccurate Personal Data (PD) maintained by the organization corrected or amended; and
(2) Disseminating corrections or amendments of PD to other authorized users of the PD."
PRI-06.2,Notice of Correction or Processing Change,"Mechanisms exist to notify affected data subjects if their Personal Data (PD) has been corrected, amended or deleted."
PRI-06.3,Appeal Adverse Decision,Mechanisms exist to maintain a process for data subjects to appeal an adverse decision.
PRI-06.4,Data Subject Feedback Management,"Mechanisms exist to maintain a process to efficiently and effectively respond to requests, complaints, concerns and/or questions from authenticated data subjects about Personal Data (PD) the organization collects, receives, processes, stores, transmits, shares, updates and/or disposes."
PRI-06.5,Right to Erasure,"Mechanisms exist to maintain a process to erase a data subject's Personal Data (PD), in accordance with applicable laws, regulations and contractual obligations pertaining to the retention of their PD."
PRI-06.6,Data Portability,"Mechanisms exist to format exports of Personal Data (PD) in a structured, machine-readable format that allows data subjects to transfer their PD to another controller without hindrance."
PRI-06.7,Personal Data (PD) Exports,"Mechanisms exist to export a data subject's available Personal Data (PD) in a readily usable format, upon an authenticated request."
PRI-06.8,Data Subject Authentication,"Mechanisms exist to utilize reasonable consumer expectations to verify a data subject's identity, prior to taking action to disclose, share, correct, amend and/or delete Personal Data (PD)."
PRI-07,Information Sharing With Third Parties,Mechanisms exist to disclose Personal Data (PD) to third-parties only for the purposes identified in the data privacy notice and with the implicit or explicit consent of the data subject.
PRI-07.1,Data Privacy Requirements for Contractors & Service Providers,Mechanisms exist to include data privacy requirements in contracts and other acquisition-related documents that establish data privacy roles and responsibilities for contractors and service providers.
PRI-07.2,Joint Processing of Personal Data (PD),Mechanisms exist to clearly define and communicate the organization's role in processing Personal Data (PD) in the data processing ecosystem.
PRI-07.3,Obligation To Inform Third-Parties,"Mechanisms exist to inform applicable third-parties of any modification, deletion or other change that affects shared Personal Data (PD)."
PRI-07.4,Disclosure Request Rejections,"Mechanisms exist to reject disclosure requests that are:
(1) Unjustified;
(2) Unauthenticated or untrustworthy; and/or
(3) Unlawful."
PRI-07.5,Justification To Reject Disclosure Requests,"Mechanisms exist to document justifiable reasons for rejecting a data subject's access request for disclosure when the request is:
(1) Harassing;
(2) Repetitive;
(3) Fraudulent;
(4) Unjustified; and/or
(5) Unlawful."
PRI-08,"Personal Data (PD) Control Testing, Training & Monitoring","Mechanisms exist to conduct testing, training and monitoring activities for Personal Data (PD) controls."
PRI-09,Personal Data (PD) Lineage,"Mechanisms exist to maintain a process to document the lineage of Personal Data (PD) by recording how the organization collects, receives, processes, stores, transmits, shares, updates and/or disposes PD."
PRI-10,Data Quality Management,"Mechanisms exist to manage the quality, utility, objectivity, integrity and impact determination and de-identification of sensitive and/or regulated data across the information lifecycle."
PRI-10.1,Data Quality Automation,Automated mechanisms exist to support the evaluation of data quality across the information lifecycle.
PRI-10.2,Data Analytics Bias,Mechanisms exist to evaluate its analytical processes for potential bias.
PRI-11,Data Tagging,Mechanisms exist to issue data modeling guidelines to support tagging of sensitive and/or regulated data.
PRI-12,Updating Personal Data (PD) Process,"Mechanisms exist to identify and record:
(1) The process(es) used to update Personal Data (PD); and
(2) The frequency that such updates occur."
PRI-12.1,Enabling Data Subjects To Update Personal Data (PD),Mechanisms exist to enable data subjects to update their Personal Data (PD).
PRI-13,Data Management Board,Mechanisms exist to establish a written charter for a Data Management Board (DMB) and assigned organization-defined roles to the DMB.
PRI-14,Documenting Data Processing Activities,"Mechanisms exist to document Personal Data (PD) processing activities that covers collection, receiving, processing, storage, transmission, sharing, updating and/or disposal actions with sufficient detail to demonstrate conformity with applicable statutory, regulatory and contractual requirements."
PRI-14.1,Accounting of Disclosures,"Mechanisms exist to provide data subjects with an accounting of disclosures of their Personal Data (PD) controlled by:
(1) The organization; and/or
(2) Relevant third-parties that their PD was shared with."
PRI-14.2,Notification of Disclosure Request To Data Subject,Mechanisms exist to notify data subjects of applicable legal requests to disclose Personal Data (PD).
PRI-15,Register As A Data Controller and/or Data Processor,"Mechanisms exist to register as a data controller and/or data processor, including registering databases containing Personal Data (PD) with the appropriate Data Authority, when necessary."
PRI-16,Potential Human Rights Abuses,"Mechanisms exist to constrain the supply of physical and/or digital activity logs to the host government that can directly lead to contravention of the Universal Declaration of Human Rights (UDHR), as well as other applicable statutory, regulatory and/or contractual obligations."
PRI-17,Data Subject Communications,"Mechanisms exist to craft disclosures and communications to data subjects in a manner that is concise, unambiguous and understandable by a reasonable person."
PRI-17.1,Conspicuous Link To Data Privacy Notice,Mechanisms exist to include a conspicuous link to the organization's data privacy notice on all consumer-facing websites and mobile applications.
PRI-17.2,Notice of Financial Incentive,"Mechanisms exist to provide data subjects with a Notice of Financial Incentive that explains the material terms of a financial incentive, price or service difference so the data subject can make an informed decision about whether to participate."
PRI-17.3,Data Subject Communications Documentation,"Mechanisms exist to maintain records of data subject requests and responses in accordance with an established documentation retention schedule that adheres to applicable statutory, regulatory and/or contractual obligations."
PRI-17.4,Data Subject Communications Metrics,Mechanisms exist to collect metrics associated with data subject requests and responses.
PRI-17.5,Data Subject Communications Disclosure,"Mechanisms exist to publicly disclose applicable data subject communications metrics, as required by statutory and/or regulatory obligations."
PRI-18,Data Controller Communications,"Mechanisms exist to receive and process data controller communications pertaining to:
(1) Receiving and responding to data subject requests;
(2) Updating/correcting Personal Data (PD);
(3) Accounting for disclosures of PD; and
(4) Accounting for PD that is stored, processed and/or transmitted on behalf of the data controller."
PRI-19,Automated Decision-Making Technology (ADMT) For Data Subject Actions,"Mechanisms exist to ensure data subject actions utilizing Automated Decision-Making Technology (ADMT) where computation replaces, or substantially replaces, human decisionmaking, conforms with all applicable statutory, regulatory and/or contractual obligations."
PRI-19.1,Automated Decision-Making Technology (ADMT) Use Notification,Mechanisms exist to notify data subjects of their rights through a pre-use notice when their Personal Data (PD) will be processed by an Automated Decision-Making Technology (ADMT).
PRI-19.2,Automated Decision-Making Technology (ADMT) Opt-Out Consent,"Mechanisms exist to provide concise, unambiguous and understandable instructions on how data subjects can opt-out of Automated Decision-Making Technology (ADMT)."
PRI-19.3,Automated Decision-Making Technology (ADMT) Transparency,Mechanisms exist to provide data subjects with sufficient details of the logic and parameters used by Automated Decision-Making Technology (ADMT) to process the Personal Data (PD) to generate an output with respect to the data subject.
PRI-20,Data Brokers,"Mechanisms exist to ensure data brokers that collect Personal Data (PD) from a source other than directly from the data subject adhere to all applicable statutory, regulatory and/or contractual obligations."
PRI-21,Notice of Right To Opt-Out,"Mechanisms exist to include a notification to data subjects within the data privacy notice of:
(1) Their right to direct an organization that sells or shares their Personal Data (PD) to stop selling or sharing their PD; and
(2) The methods available to exercise that right."
PRI-21.1,Opt-Out Links,"Mechanisms exist to publish conspicuous links for data subjects to exercise their rights to:
(1) Limit the collection and/or use of Personal Data (PD); and
(2) Not sell or share PD."
PRI-21.2,Alternative Opt-Out Link,"Mechanisms exist to publish a single, clearly labeled link that allows data subjects to efficiently exercise opt-out rights to:
(1) Limit the collection and/or use of Personal Data (PD); and
(2) Opt out of the sale or sharing of PD."
PRM-01,"Security, Compliance & Resilience Protection Portfolio Management","Mechanisms exist to facilitate the implementation of resource planning controls that provide a portfolio management approach to achieve security, compliance and resilience objectives."
PRM-01.1,Strategic Plan & Objectives,"Mechanisms exist to establish a:
(1) Strategic security, compliance and resilience-specific business plan; and
(2) Set of objectives to achieve that plan."
PRM-01.2,Targeted Capability Maturity Levels,Mechanisms exist to define and identify targeted capability maturity levels.
PRM-02,"Security, Compliance & Resilience Resource Management","Mechanisms exist to address all capital planning and investment requests, including the resources needed to implement the Security, Compliance & Resilience Program (SCRP) and document all exceptions to this requirement."
PRM-02.1,Prioritization To Address Evolving Risks & Threats,Mechanisms exist to integrate foundational cybersecurity practices with advanced technologies to maintain situation awareness of and minimize the organization's exposure to evolving risks and threats.
PRM-03,Allocation of Resources,"Mechanisms exist to identify and allocate resources for management, operational, technical and data protection requirements within business process planning for projects / initiatives."
PRM-04,"Security, Compliance & Resilience In Project Management","Mechanisms exist to assess security, compliance and resilience controls as part of Technology Assets, Applications and/or Services (TAAS) project development to determine whether controls are implemented correctly, operating as intended and producing the desired outcome with respect to meeting requirements."
PRM-05,"Security, Compliance & Resilience Requirements Definition","Mechanisms exist to proactively govern Technology Assets, Applications and/or Services (TAAS) by:
(1) Defining technical security, compliance and resilience requirements; and
(2) Performing a criticality analysis at predefined decision points in the Secure Development Life Cycle (SDLC)."
PRM-06,Business Process Definition,"Mechanisms exist to define business processes with consideration for security, compliance and resilience that determines:
(1) The resulting risk to organizational operations, assets, individuals and other organizations; and
(2) Information protection needs arising from the defined business processes and revises the processes as necessary, until an achievable set of protection needs is obtained."
PRM-07,Secure Development Life Cycle (SDLC) Management,"Mechanisms exist to ensure changes to Technology Assets, Applications and/or Services (TAAS) within the Secure Development Life Cycle (SDLC) are controlled through formal change control procedures."
PRM-08,Manage Organizational Knowledge,"Mechanisms exist to manage the organizational knowledge of the security, compliance and resilience staff."
QTS-01,Quantum Risk Governance,"Mechanisms exist to establish an executive-sponsored quantum risk governance structure that institutionalizes quantum risk in the same manner as other enterprise risks by:
(1) Assigning a named migration lead with defined authority; and
(2) Treating quantum risk as a standing agenda item in Board of Directors and/or executive leadership meetings."
QTS-01.1,Quantum Security Policy,"Mechanisms exist to establish a formal, documented quantum security policy that:
(1) Conveys executive management's intent;
(2) Provides organizational direction and expected behaviors;
(3) Is reviewed at least annually; and
(4) Is updated, as necessary, to adapt to evolving risks, threats and other changes that affect the organization."
QTS-01.2,Data Shelf-Life Classification for Post-Quantum Cryptography (PQC) Prioritization,"Mechanisms exist to classify Technology Assets, Applications, Services and Data (TAASD) by confidentiality shelf-life and use that classification as a direct input to Post-Quantum Cryptography (PQC) migration prioritization, including prioritizing data with a shelf-life exceeding the expected PQC arrival horizon."
QTS-01.3,Long-Lived Data Identification,Mechanisms exist to identify data with long-lived confidentiality protection requirements.
QTS-01.4,"Harvest Now, Decrypt Later (HNDL) Mitigation","Mechanisms exist to mitigate Harvest Now, Decrypt Later (HNDL) risk by minimizing an adversary's ability to collect long-lived data through Zero Trust Network Architecture (ZTNA) that enforces:
(1) Continuous authentication;
(2) Data microsegmentation;
(3) Least privilege; and
(4) Identity-based access control."
QTS-02,Cryptographic Agility Risk Assessment (CARA),"Mechanisms exist to perform a Cryptographic Agility Risk Assessment (CARA) that analyzes Technology Assets, Applications, Services and Data (TAASD) to:
(1) Identify TAASD most vulnerable to quantum-enabled cryptanalytic threats; and
(2) Prioritize TAASD based on potential business impact."
QTS-02.1,Cryptographic Exception Register,"Mechanisms exist to govern each Post-Quantum Cryptography (PQC) deviation in a formal cryptographic exception register that contains, at a minimum:
(1) Asset and/or process owner(s);
(2) Compensating control(s);
(3) Planned remediation date; and
(4) Re-evaluation date."
QTS-02.2,Compensating Controls for Quantum-Vulnerable Systems,"Mechanisms exist to implement short-term compensating measures for Technology Assets, Applications and Services (TAAS) that cannot be migrated to Post-Quantum Cryptography (PQC) on the planned schedule, (e.g., network segmentation, additional pre-shared-key layers, reduced key lifetimes, out-of-band key transport and data minimization)."
QTS-02.3,Crypto Agility Maturity Assessment,Mechanisms exist to measure progress in adopting cryptographic agility using defined maturity criteria to support resilience against evolving Post-Quantum Cryptography (PQC) requirements and threats.
QTS-03,Post-Quantum Cryptography Agility Plan (PSCAP),"Mechanisms exist to develop a risk-prioritized Post-Quantum Cryptography Agility Plan (PQCAP) that:
(1) Enables cryptographic agility;
(2) Aligns with evolving security standards; and
(3) Defines the approach for selecting and implementing PQC algorithms."
QTS-03.1,Post-Quantum Cryptography (PQC) Transition Planning & Hybrid Mode Support,"Mechanisms exist to allocate resources to:
(1) Transition legacy Technology Assets, Applications and/or Services (TAAS) to Post-Quantum Cryptography (PQC) algorithms; and
(2) Support hybrid cryptography during a defined transition period."
QTS-03.2,Post-Quantum Cryptography (PQC) Migration Progress Oversight,"Mechanisms exist to establish reportable metrics that:
(1) Measure migration progress against the Post-Quantum Cryptography Agility Plan (PQCAP); and
(2) Report progress periodically to executive leadership."
QTS-03.3,Post-Quantum Cryptography (PQC) Supply Chain Visibility,"Mechanisms exist to require vendors to disclose Post-Quantum Cryptography (PQC) support roadmaps that include:
(1) Identification of PQC-related limitations; and
(2) Supported upgrade paths to ensure long-lived devices (e.g., OT, IoT and embedded systems) can support PQC capabilities."
QTS-03.4,Post-Quantum Cryptography (PQC) Supply Chain Flow-Down Requirements,"Mechanisms exist to require vendors to support Post-Quantum Cryptography (PQC) migration, including flow-down requirements to subcontractors, suppliers and third-party components."
QTS-04,Post-Quantum Cryptography (PQC) Discovery & Visibility,"Mechanisms exist to gain situational awareness into the organization’s current cryptographic landscape through a formal discovery process that uses a combination of:
(1) Automated tools; and
(2) Manual techniques."
QTS-04.1,Post-Quantum Cryptography (PQC) Asset Inventory,"Mechanisms exist to maintain a current inventory of cryptographic assets that includes:
(1) Algorithms (asymmetric and symmetric);
(2) Key lengths;
(3) Libraries;
(4) Protocols;
(5) Associated Technology Assets, Applications and/or Services (TAAS) utilizing the cryptography; and
(6) Federal Information Processing Standards (FIPS) validation status from the Cryptographic Module Validation Program (CMVP), including certificate number, if applicable."
QTS-04.2,Cryptographic Bill of Materials (CBOM),"Mechanisms exist to develop and maintain a Cryptographic Bill of Materials (CBOM) by analyzing the organization's cryptographic architecture, including:
(1) Hardware;
(2) Firmware;
(3) Software modules; and
(4) Communication protocols."
QTS-04.3,Post-Quantum Cryptography Exposure,"Mechanisms exist to maintain a current inventory of Technology Assets, Applications and/or Services (TAAS) with Post-Quantum Cryptography (PQC) exposure, including:
(1) Public key algorithms vulnerable to Cryptographically Relevant Quantum Computers (CRQCs);
(2) Long-lived keys and certificates (e.g., CA roots, firmware signing keys, etc.); and
(3) TAAS that cannot easily adopt PQC upgrades (e.g., embedded, RTOS, etc.)."
QTS-05,Quantum Security Awareness,"Mechanisms exist to deliver differentiated quantum security awareness and training content to:
(1) General workforce;
(2) Technical roles; and
(3) Leadership roles."
QTS-05.1,Quantum Threat Intelligence Monitoring,"Mechanisms exist to maintain an ongoing quantum threat intelligence function that monitors:
(1) Cryptanalytic threat developments;
(2) Quantum computing capability advances; and
(3) NIST and/or regulatory updates to approved algorithm lists."
QTS-05.2,Collaboration & Information Sharing,"Mechanisms exist to ensure stakeholder participation in sector-appropriate quantum security forums to:
(1) Detect emerging threats earlier; and
(2) Reduce systemic ecosystem risk."
QTS-06,Crypto-Agility Architecture,"Mechanisms exist to validate design-level cryptographic agility across protocols, libraries, kernels and hardware to ensure Technology Assets, Applications and/or Services (TAAS) can support larger Post-Quantum Cryptography (PQC) key, signature and ciphertext sizes."
QTS-06.1,Entropy Source & Random Bit Generation,"Mechanisms exist to use validated entropy sources and random bit generators that comply with NIST SP 800-90B to support Post-Quantum Cryptography (PQC):
(1) Key generation;
(2) Nonce generation;
(3) Probabilistic algorithm inputs; and
(4) Key validation."
QTS-06.2,Stateful Hash-Based Signatures for Firmware & Code Signing,"Mechanisms exist to enforce stateful hash-based signature schemes in accordance with NIST SP 800-208 and require state-management controls necessary to prevent one-time key reuse for:
(1) Firmware signing;
(2) Secure boot signing; and
(3) Other long-lifetime code-signing use cases."
QTS-06.3,Approved Post-Quantum Cryptography (PQC) Algorithm Use,"Mechanisms exist to define:
(1) Approved Post-Quantum Cryptography (PQC) algorithms, including asymmetric and symmetric algorithms; and
(2) Required validation levels for approved algorithms (e.g., FIPS 140-3 validated)."
QTS-06.4,Post-Quantum Cryptography (PQC) Validation Requirements,"Mechanisms exist to configure Technology Assets, Applications and/or Services (TAAS) to use FIPS 140-3 validated cryptographic modules, where applicable."
QTS-06.5,Deprecated Cryptographic Algorithms,Mechanisms exist to identify and disallow quantum-vulnerable and otherwise deprecated cryptographic algorithms.
QTS-06.6,Post-Quantum Cryptography (PQC) Key Management,"Mechanisms exist to manage cryptographic keys and certificates in a manner that supports Post-Quantum Cryptography (PQC) transition by:
(1) Shortening validity periods for quantum-vulnerable certificates to reduce exposure;
(2) Preparing Public Key Infrastructure (PKI) for PQC roots of trust or dual-root hybrid trust models; and
(3) Ensuring key generation uses quantum-safe entropy sources."
QTS-06.7,Quantum-Safe Public Key Infrastructure (PKI) Transition,Mechanisms exist to transition Public Key Infrastructure (PKI) trust anchors to quantum-safe algorithms.
QTS-06.8,Algorithm Negotiation Integrity,"Mechanisms exist to configure Technology Assets, Applications and/or Services (TAAS) to prevent attackers from forcing quantum-vulnerable algorithms through:
(1) Integrity-protected algorithm negotiation (e.g., TLS 1.3 handshake transcript);
(2) Disallowing negotiation of classical-only cipher suites once Post-Quantum Cryptography (PQC) is deployed; and
(3) Monitoring for downgrade attempts."
QTS-06.9,Hybrid / Composite Cryptography,"Mechanisms exist to leverage hybrid/composite algorithms as a transition path to Post-Quantum Cryptography (PQC) solutions that:
(1) Support hybrid signatures (e.g., ECDSA + ML-DSA) and hybrid Key Encapsulation Mechanisms (KEMs) (e.g., ECDH + ML-KEM);
(2) Ensure certificate formats, Public Key Infrastructure (PKI) and trust anchors can support dual-key or dual-certificate models; and
(3) Plan for eventual removal of classical algorithms once PQC confidence is sufficient."
QTS-06.10,Cryptographic Application Programming Interface (API) Abstraction,Mechanisms exist to use a universal interface that bridges established cryptographic Application Programming Interface (API) frameworks by abstracting complex cryptographic operations to support cryptographic agility.
QTS-07,Cryptographic Incident Response (Emergency Algorithm Transition),"Mechanisms exist to establish the capability to respond to the compromise or disallowance of a Post-Quantum Cryptography (PQC) or classical algorithm on a compressed timeline, including:
(1) Pre-identified algorithm alternates;
(2) Tested rollback and roll-forward procedures;
(3) Customer and/or counterparty communication templates; and
(4) Incident response rehearsals against defined scenarios."
QTS-08,PQC Implementation Validation & Interoperability Testing,"Mechanisms exist to validate that each Post-Quantum Cryptography (PQC) implementation:
(1) Meets functional and cryptographic requirements;
(2) Is interoperable with counterparties and successors;
(3) Meets performance criteria for its use case; and
(4) Documents test results and exceptions."
RSK-01,Risk Management Program,"Mechanisms exist to facilitate the implementation of strategic, operational and tactical risk management controls that are aligned with:
(1) The organization's Enterprise Risk Management (ERM); and
(2) Industry-recognized cybersecurity risk management practices."
RSK-01.1,Risk Framing,"Mechanisms exist to identify:
(1) Assumptions affecting risk assessments, risk response and risk monitoring;
(2) Constraints affecting risk assessments, risk response and risk monitoring;
(3) The organizational risk tolerance; and
(4) Priorities, benefits and trade-offs considered by the organization for managing risk."
RSK-01.2,Risk Management Resourcing,Mechanisms exist to reduce the magnitude or likelihood of potential impacts by resourcing the capability required to manage technology-related risks.
RSK-01.3,Risk Tolerance,"Mechanisms exist to define organizational risk tolerance, the specified range of acceptable results."
RSK-01.4,Risk Threshold,"Mechanisms exist to define organizational risk threshold, the level of risk exposure above which risks are addressed and below which risks may be accepted."
RSK-01.5,Risk Appetite,"Mechanisms exist to define organizational risk appetite, the degree of uncertainty the organization is willing to accept in anticipation of a reward."
RSK-02,Risk-Based Security Categorization,"Mechanisms exist to categorize Technology Assets, Applications, Services and/or Data (TAASD) in accordance with applicable laws, regulations and contractual obligations that:
(1) Document the security categorization results (including supporting rationale) in the security plan for systems; and
(2) Ensure the security categorization decision is reviewed and approved by the asset owner."
RSK-02.1,Impact-Level Prioritization,"Mechanisms exist to prioritize the impact level for Technology Assets, Applications and/or Services (TAAS) to prevent potential disruptions."
RSK-03,Risk Identification,"Mechanisms exist to identify and document risks, both internal and external."
RSK-03.1,Risk Catalog,Mechanisms exist to develop and keep current a catalog of applicable risks associated with the organization's business operations and technologies in use.
RSK-03.2,Risk Owner,Mechanisms exist to identify a risk owner for each item in the risk register to ensure clear accountability for unremediated risks.
RSK-04,Risk Assessment,"Mechanisms exist to conduct recurring assessments of risk that includes the likelihood and magnitude of harm, from unauthorized access, use, disclosure, disruption, modification or destruction of the organization's Technology Assets, Applications, Services and/or Data (TAASD)."
RSK-04.1,Risk Register,Mechanisms exist to maintain a risk register that facilitates monitoring and reporting of risks.
RSK-04.2,Risk Assessment Methodology,"Mechanisms exist to implement a risk assessment methodology to ensure coverage for organizational components relevant for secure, compliant and resilient operations."
RSK-04.3,Instances Requiring A Risk Assessment,Mechanisms exist to define instances that require a risk assessment to be performed.
RSK-04.4,Risk Assessment Stakeholder Involvement,"Mechanisms exist to:
(1) Define applicable stakeholders for each risk assessment;
(2) Involve identified stakeholders in the risk assessment process; and
(3) Provide identified stakeholders with results of the risk assessment, upon completion."
RSK-05,Risk Ranking,Mechanisms exist to identify and assign a risk ranking to newly discovered security vulnerabilities that is based on industry-recognized practices.
RSK-06,Risk Remediation,Mechanisms exist to remediate risks to an acceptable level.
RSK-06.1,Risk Response,"Mechanisms exist to ensure proper risk response actions were performed to remediate findings from security, compliance and/or resilience-related:
(1) Assessments;
(2) Audits; and/or
(3) Incidents."
RSK-06.2,Compensating Countermeasures,Mechanisms exist to identify and implement compensating countermeasures to reduce risk and exposure to threats.
RSK-06.3,Risk Treatment Options,"Mechanisms exist to select appropriate risk treatment options, based on applicable risk assessment findings, including:
(1) Mitigating the risk to an acceptable level;
(2) Avoiding the risk (e.g., terminating the project);
(3) Transferring the risk to a third party (e.g., insurance, service provider, etc.); or
(4) Accepting the risk."
RSK-06.4,Risk Treatment Plan (RTP),Mechanisms exist to formalize a Risk Treatment Plan (RTP) that applicable stakeholders will utilize to remediate identified risks according to a defined timeline.
RSK-07,Risk Assessment Update,"Mechanisms exist to routinely update risk assessments and react accordingly upon identifying new security vulnerabilities, including using outside sources for security vulnerability information."
RSK-08,Business Impact Analysis (BIA),"Mechanisms exist to conduct a Business Impact Analysis (BIA) to identify and assess security, compliance and resilience risks."
RSK-09,Supply Chain Risk Management (SCRM) Plan,"Mechanisms exist to develop a plan for Supply Chain Risk Management (SCRM) associated with the development, acquisition, maintenance and disposal of Technology Assets, Applications and/or Services (TAAS), including documenting selected mitigating actions and monitoring performance against those plans."
RSK-09.1,Supply Chain Risk Assessment,"Mechanisms exist to periodically assess supply chain risks associated with Technology Assets, Applications and/or Services (TAAS)."
RSK-09.2,AI & Autonomous Technologies Supply Chain Impacts,"Mechanisms exist to address Artificial Intelligence (AI) and Autonomous Technologies (AAT)-related risks and benefits arising from the organization's supply chain, including third-party software and data."
RSK-10,Data Protection Impact Assessment (DPIA),"Mechanisms exist to conduct a Data Protection Impact Assessment (DPIA) on Technology Assets, Applications and/or Services (TAAS) that store, process and/or transmit Personal Data (PD) to identify and remediate reasonably-expected risks."
RSK-11,Risk Monitoring,"Mechanisms exist to ensure risk monitoring as an integral part of the continuous monitoring strategy that includes monitoring the effectiveness of security, compliance and resilience controls, compliance and change management."
RSK-12,Risk Culture,Mechanisms exist to ensure teams are committed to a culture that considers and communicates technology-related risk.
RSK-13,Executive Leadership Approval For Managing Material Risk,Mechanisms exist to obtain executive leadership approval for risk management decisions involving material risk.
RSK-13.1,Documented Alternatives,"Mechanisms exist to document alternative courses of action to ensure executive leadership is reasonably informed of options to manage material risks, including potential:
(1) Benefits;
(2) Drawbacks (including technical limitations);
(3) Costs; and
(4) Timelines."
RSK-13.2,Documented Justification For Material Risk Management Decisions,Mechanisms exist to document executive leadership justification for selecting a specific course of action to manage material risk.
SEA-01,Secure Engineering Principles,"Mechanisms exist to facilitate the implementation of industry-recognized security, compliance and resilience practices in the specification, design, development, implementation and modification of Technology Assets, Applications and/or Services (TAAS)."
SEA-01.1,"Centralized Management of Security, Compliance & Resilience Controls","Mechanisms exist to centrally-manage the organization-wide management and implementation of security, compliance and resilience controls and related processes."
SEA-01.2,Achieving Resilience Requirements,Mechanisms exist to achieve resilience requirements in normal and adverse situations.
SEA-01.3,Resilience Capabilities,"Mechanisms exist to ensure security, compliance and resilience are designed and implemented to provide resistance to:
(1) Unintentional errors (by users or software); and
(2) Intentional attack or circumvention."
SEA-01.4,Secure Architecture Principles,"Mechanisms exist to ensure security, compliance and resilience capabilities are designed and maintained in alignment with security architecture principles from:
(1) The Open Group Architecture Framework (TOGAF);
(2) Sherwood Applied Business Security Architecture (SABSA); and/or
(3) An organization-defined reference architecture."
SEA-01.5,Security-Aware Design,"Mechanisms exist to formally incorporate the organization's secure architecture principles into engineering, product and model design requirements to ensure security, compliance and resilience are built in by default and by design."
SEA-02,Alignment With Enterprise Architecture,"Mechanisms exist to develop an enterprise architecture, aligned with industry-recognized leading practices, with consideration for security, compliance and resilience principles that addresses risk to organizational operations, assets, individuals and other organizations."
SEA-02.1,Standardized Terminology,Mechanisms exist to standardize technology and process terminology to reduce confusion amongst groups and departments.
SEA-02.2,Outsourcing Non-Essential Functions or Services,Mechanisms exist to identify non-essential functions or services that are capable of being outsourced to external service providers and align with the organization's enterprise architecture and security standards.
SEA-02.3,Technical Debt Reviews,Mechanisms exist to conduct ongoing “technical debt” reviews of hardware and software technologies to remediate outdated and/or unsupported technologies.
SEA-03,Defense-In-Depth (DiD) Architecture,Mechanisms exist to implement security functions as a layered structure minimizing interactions between layers of the design and avoiding any dependence by lower layers on the functionality or correctness of higher layers.
SEA-03.1,System Partitioning,Mechanisms exist to partition systems so that partitions reside in separate physical domains or environments.
SEA-03.2,Application Partitioning,Mechanisms exist to separate user functionality from system management functionality.
SEA-04,Process Isolation,Mechanisms exist to implement a separate execution domain for each executing process.
SEA-04.1,Security Function Isolation,Mechanisms exist to isolate security functions from non-security functions.
SEA-04.2,Hardware Separation,Mechanisms exist to implement underlying hardware separation mechanisms to facilitate process separation.
SEA-04.3,Thread Separation,Mechanisms exist to maintain a separate execution domain for each thread in multi-threaded processing.
SEA-04.4,System Privileges Isolation,"Mechanisms exist to isolate, or logically separate, any application, service and/or process running with system privileges."
SEA-05,Information In Shared Resources,Mechanisms exist to prevent unauthorized and unintended information transfer via shared system resources.
SEA-06,Prevent Program Execution,Automated mechanisms exist to prevent the execution of unauthorized software programs.
SEA-07,Predictable Failure Analysis,Mechanisms exist to determine the Mean Time to Failure (MTTF) for system components in specific environments of operation.
SEA-07.1,Technology Lifecycle Management,"Mechanisms exist to manage the usable lifecycles of Technology Assets, Applications and/or Services (TAAS)."
SEA-07.2,Fail Secure,"Mechanisms exist to enable systems to fail to an organization-defined known-state for types of failures, preserving system state information in failure."
SEA-07.3,Fail Safe,Mechanisms exist to implement fail-safe procedures when failure conditions occur.
SEA-08,Non-Persistence,Mechanisms exist to implement non-persistent system components and services that are initiated in a known state and terminated upon the end of the session of use or periodically at an organization-defined frequency.
SEA-08.1,Refresh from Trusted Sources,Mechanisms exist to ensure that software and data needed for system component and service refreshes are obtained from trusted sources.
SEA-08.2,Non-Persistent Information,"Mechanisms exist to:
(1) Generate or refresh information per an organization-defined frequency; and
(2) Delete information when no longer needed."
SEA-09,Information Output Filtering,Mechanisms exist to validate information output from software programs and/or applications to ensure that the information is consistent with the expected content.
SEA-09.1,Limit Personal Data (PD) Dissemination,Mechanisms exist to limit the dissemination of Personal Data (PD) to organization-defined elements identified in the Data Protection Impact Assessment (DPIA) and consistent with authorized purposes.
SEA-10,Memory Protection,Mechanisms exist to implement security safeguards to protect system memory from unauthorized code execution.
SEA-11,Honeypots,"Mechanisms exist to utilize honeypots that are specifically designed to be the target of malicious attacks for the purpose of detecting, deflecting and analyzing such attacks."
SEA-12,Honeyclients,Mechanisms exist to utilize honeyclients that proactively seek to identify malicious websites and/or web-based malicious code.
SEA-13,Heterogeneity,Mechanisms exist to utilize a diverse set of technologies for system components to reduce the impact of technical vulnerabilities from the same Original Equipment Manufacturer (OEM).
SEA-13.1,Virtualization Techniques,Mechanisms exist to utilize virtualization techniques to support the employment of a diversity of operating systems and applications.
SEA-14,Concealment & Misdirection,"Mechanisms exist to utilize concealment and misdirection techniques for Technology Assets, Applications and/or Services (TAAS) to confuse and mislead adversaries."
SEA-14.1,Randomness,Automated mechanisms exist to introduce randomness into organizational operations and assets.
SEA-14.2,Change Processing & Storage Locations,Automated mechanisms exist to change the location of processing and/or storage at random time intervals.
SEA-15,Distributed Processing & Storage,Mechanisms exist to distribute processing and storage across multiple physical locations.
SEA-16,Non-Modifiable Executable Programs,"Mechanisms exist to utilize non-modifiable executable programs that load and execute the operating environment and applications from hardware-enforced, read-only media."
SEA-17,Secure Log-On Procedures,Mechanisms exist to utilize a trusted communications path between the user and the security functions of the system.
SEA-18,System Use Notification (Logon Banner),"Mechanisms exist to utilize system use notification / logon banners that display an approved system use notification message or banner before granting access to Technology Assets, Applications and/or Services (TAAS)."
SEA-18.1,Standardized Microsoft Windows Banner,Mechanisms exist to configure Microsoft Windows-based systems to display an approved logon banner before granting access to the system.
SEA-18.2,Truncated Banner,"Mechanisms exist to utilize a truncated system use notification / logon banner on systems not capable of displaying a logon banner from a centralized directory services technology (e.g., Active Directory, Entra ID, etc.)."
SEA-19,Previous Logon Notification,"Mechanisms exist to configure systems that process, store or transmit sensitive and/or regulated data to notify the user, upon successful logon, of the number of unsuccessful logon attempts since the last successful logon."
SEA-20,Clock Synchronization,Mechanisms exist to utilize time-synchronization technology to synchronize all critical system clocks.
SEA-21,Application Container,"Mechanisms exist to utilize an application container (virtualization approach) to isolate to a known set of dependencies, access methods and interfaces."
SEA-22,Privileged Environments,"Mechanisms exist to prevent privileged operating environments from existing within unprivileged operating environments, including physical or virtual deployments of Technology Assets, Applications and/or Services (TAAS)."
OPS-01,Operations Security,Mechanisms exist to facilitate the implementation of operational security controls.
OPS-01.1,Standardized Operating Procedures (SOP),"Mechanisms exist to identify and document Standardized Operating Procedures (SOP), or similar documentation, to enable the proper execution of day-to-day / assigned tasks."
OPS-02,Security Concept Of Operations (CONOPS),"Mechanisms exist to develop a security Concept of Operations (CONOPS), or a similarly-defined plan for achieving cybersecurity objectives, that documents management, operational and technical measures implemented to apply defense-in-depth techniques that is communicated to all appropriate stakeholders."
OPS-03,"Service Delivery
(Business Process Support)","Mechanisms exist to define supporting business processes and implement appropriate governance and service management to ensure appropriate planning, delivery and support of the organization's technology capabilities supporting business functions, workforce, and/or customers based on industry-recognized standards to achieve the specific goals of the process area."
OPS-04,Security Operations Center (SOC),Mechanisms exist to establish and maintain a Security Operations Center (SOC) that facilitates a 24x7 response capability.
OPS-05,Secure Practices Guidelines,"Mechanisms exist to provide guidelines and recommendations for the secure use of Technology Assets, Applications and/or Services (TAAS) to assist in the configuration, installation and use of the product and/or service."
OPS-06,"Security Orchestration, Automation, and Response (SOAR)","Mechanisms exist to utilize Security Orchestration, Automation and Response (SOAR) tools to define, prioritize and automate the response to security incidents."
OPS-07,Shadow Information Technology Detection,"Mechanisms exist to detect the presence of unauthorized Technology Assets, Applications and/or Services (TAAS) in use."
SAT-01,"Security, Compliance & Resilience-Minded Workforce",Mechanisms exist to facilitate the implementation of security workforce development and awareness controls.
SAT-01.1,Maintaining Workforce Development Relevancy,"Mechanisms exist to periodically review security workforce development and awareness training to account for changes to:
(1) Organizational policies, standards and procedures;
(2) Assigned roles and responsibilities;
(3) Relevant threats and risks; and
(4) Technological developments."
SAT-02,"Security, Compliance & Resilience Awareness Training","Mechanisms exist to provide all employees and contractors appropriate security, compliance and resilience awareness education and training that is relevant for their job function."
SAT-02.1,Simulated Cyber Attack Scenario Training,Mechanisms exist to include simulated actual cyber-attacks through practical exercises that are aligned with current threat scenarios.
SAT-02.2,Social Engineering & Mining,Mechanisms exist to include awareness training on recognizing and reporting potential and actual instances of social engineering and social mining.
SAT-03,"Role-Based Security, Compliance & Resilience Training","Mechanisms exist to provide role-based security, compliance and resilience-related training:
(1) Before authorizing access to the system or performing assigned duties;
(2) When required by system changes; and
(3) Annually thereafter."
SAT-03.1,Practical Security Training Exercises,"Mechanisms exist to include practical exercises in security, compliance and resilience training that reinforce training objectives."
SAT-03.2,Suspicious Communications & Anomalous System Behavior,Mechanisms exist to provide training to personnel on organization-defined indicators of malware to recognize suspicious communications and anomalous behavior.
SAT-03.3,"Sensitive / Regulated Data Storage, Handling & Processing","Mechanisms exist to ensure that every user accessing a system processing, storing or transmitting sensitive and/or regulated data is formally trained in data handling requirements."
SAT-03.4,"Vendor Security, Compliance & Resilience Training","Mechanisms exist to incorporate vendor-specific security, compliance and resilience training in support of new technology initiatives."
SAT-03.5,Privileged Users,Mechanisms exist to provide specific training for privileged users to ensure privileged users understand their unique roles and responsibilities
SAT-03.6,Cyber Threat Environment,"Mechanisms exist to provide role-based security, compliance and resilience awareness training that is current and relevant to the cyber threats that users might encounter in day-to-day business operations."
SAT-03.7,"Continuing Professional Education (CPE) - Security, Compliance & Resilience Personnel","Mechanisms exist to ensure security, compliance and resilience personnel receive Continuing Professional Education (CPE) training to maintain currency and proficiency with industry-recognized secure practices that are pertinent to their assigned roles and responsibilities."
SAT-03.8,Continuing Professional Education (CPE) - DevOps Personnel,Mechanisms exist to ensure application development and operations (DevOps) personnel receive Continuing Professional Education (CPE) training on Secure Software Development Practices (SSDP) to appropriately address evolving threats.
SAT-03.9,Counterintelligence Training,"Mechanisms exist to provide specialized counterintelligence awareness training that enables personnel to collect, interpret and act upon a range of data sources that may signal the presence of a hostile actor."
SAT-04,"Security, Compliance & Resilience Training Records","Mechanisms exist to document, retain and monitor individual training activities, including:
(1) Initial security, compliance and resilience awareness training;
(2) Recurring awareness training; and
(3) Technology Assets, Applications and/or Services (TAAS)-specific training."
SAT-04.1,Training Feedback,"Mechanisms exist to:
(1) Monitor individual training results; and
(2) Report findings to stakeholders."
SAT-05,"Security, Compliance & Resilience Knowledge Sharing","Mechanisms exist to improve knowledge sharing across security, compliance and resilience personnel allowing for:
(1) Efficient operations; and
(2) Rapid and effective response to incidents."
TDA-01,Technology Development & Acquisition,"Mechanisms exist to facilitate the implementation of tailored development and acquisition strategies, contract tools and procurement methods to meet unique business needs."
TDA-01.1,Product Management,"Mechanisms exist to design and implement product management processes to proactively govern the design, development and production of Technology Assets, Applications and/or Services (TAAS) across the System Development Life Cycle (SDLC) to:
(1) Improve functionality;
(2) Enhance security and resiliency capabilities;
(3) Correct security deficiencies; and
(4) Conform with applicable statutory, regulatory and/or contractual obligations."
TDA-01.2,Integrity Mechanisms for Software / Firmware Updates,Mechanisms exist to utilize integrity validation mechanisms for security updates.
TDA-01.3,Malware Testing Prior to Release,Mechanisms exist to utilize at least one(1) malware detection tool to identify if any known malware exists in the final binaries of the product or security update.
TDA-01.4,DevSecOps,"Mechanisms exist to integrate security, compliance and resilience into Development, Security and Operations (DevSecOps) to prioritize secure practices throughout the Software Development Lifecycle (SDLC)."
TDA-02,Minimum Viable Product (MVP) Security Requirements,"Mechanisms exist to design, develop and produce Technology Assets, Applications and/or Services (TAAS) in such a way that risk-based technical and functional specifications ensure Minimum Viable Product (MVP) criteria establish an appropriate level of security and resiliency based on applicable risks and threats."
TDA-02.1,"Ports, Protocols & Services In Use","Mechanisms exist to require the developers of Technology Assets, Applications and/or Services (TAAS) to identify early in the Secure Development Life Cycle (SDLC), the functions, ports, protocols and services intended for use."
TDA-02.2,Information Assurance Enabled Products,Mechanisms exist to limit the use of commercially-provided Information Assurance (IA) and IA-enabled IT products to those products that have been successfully evaluated against a National Information Assurance partnership (NIAP)-approved Protection Profile or the cryptographic module is FIPS-validated or NSA-approved.
TDA-02.3,"Development Methods, Techniques & Processes","Mechanisms exist to require software developers to ensure that their software development processes employ industry-recognized secure practices for secure programming, engineering methods, quality control processes and validation techniques to minimize flawed and/or malformed software."
TDA-02.4,Pre-Established Secure Configurations,"Mechanisms exist to ensure vendors / manufacturers:
(1) Deliver the Technology Asset, Application and/or Service (TAAS) with a pre-established, secure configuration implemented; and
(2) Use the pre-established, secure configuration as the default for any subsequent TAAS reinstallation or upgrade."
TDA-02.5,"Identification & Justification of Ports, Protocols & Services","Mechanisms exist to require process owners to identify, document and justify the business need for the ports, protocols and other services necessary to operate their technology solutions."
TDA-02.6,"Insecure Ports, Protocols & Services","Mechanisms exist to mitigate the risk associated with the use of insecure ports, protocols and services necessary to operate technology solutions."
TDA-02.7,"Security, Compliance & Resilience Representatives For Product Changes","Mechanisms exist to include appropriate security, compliance and resilience representatives in the product feature and/or functionality change control review process."
TDA-02.8,Minimizing Attack Surfaces,"Mechanisms exist to minimize the attack surface of Technology Assets, Applications and/or Services (TAAS) by reasonably mitigating known exploitable vulnerabilities."
TDA-02.9,Ongoing Product Security Support,"Mechanisms exist to deliver security updates to Technology Assets, Applications and/or Services (TAAS), where applicable, through:
(1) Automatic updates; and
(2) Notification of available updates to affected users."
TDA-02.10,Product Testing & Reviews,"Mechanisms exist to regularly review Technology Assets, Applications and/or Services (TAAS) for an appropriate level of security and resiliency based on applicable risks and threats."
TDA-02.11,Disclosure of Vulnerabilities,"Mechanisms exist to disclose information about vulnerabilities to relevant stakeholders, including:
(1) A description of the vulnerability(ies);
(2) Affected product(s) and/or service(s);
(3) Potential impact of the vulnerability(ies);
(4) Severity of the vulnerability(ies); and
(5) Guidance to remediate the vulnerability(ies)."
TDA-02.12,Products With Digital Elements,Mechanisms exist to categorize applicable security and resiliency requirements for products and/or services with digital elements.
TDA-02.13,Reporting Exploitable Vulnerabilities,"Mechanisms exist to notify applicable stakeholders about potentially exploitable vulnerabilities in organization-developed Technology Assets, Applications and/or Services (TAAS), as required by statutory, regulatory and/or contractual obligations."
TDA-02.14,Logging Syntax,Mechanisms exist to require system developers to use an industry-defined secure logging format to generate event logs for specified event types at organization-defined level of detail.
TDA-03,Commercial Off-The-Shelf (COTS) Security Solutions,Mechanisms exist to utilize only Commercial Off-the-Shelf (COTS) security products.
TDA-03.1,Supplier Diversity,"Mechanisms exist to obtain security, compliance and resilience technologies from different suppliers to minimize supply chain risk."
TDA-04,Documentation Requirements,"Mechanisms exist to obtain, protect and distribute administrator documentation for Technology Assets, Applications and/or Services (TAAS) that describe:
(1) Secure configuration, installation and operation of the TAAS;
(2) Effective use and maintenance of security features/functions; and
(3) Known vulnerabilities regarding configuration and use of administrative (e.g., privileged) functions."
TDA-04.1,Functional Properties,"Mechanisms exist to require software developers to provide information describing the functional properties of the security, compliance and resilience controls to be utilized within Technology Assets, Applications and/or Services (TAAS) in sufficient detail to permit analysis and testing of the controls."
TDA-04.2,Software Bill of Materials (SBOM),"Mechanisms exist to generate, or obtain, a Software Bill of Materials (SBOM) for Technology Assets, Applications and/or Services (TAAS) that lists software packages in use, including versions and applicable licenses."
TDA-05,Developer Architecture & Design,"Mechanisms exist to require the developers of Technology Assets, Applications and/or Services (TAAS) to produce a design specification and security architecture that:
(1) Is consistent with and supportive of the organization's security architecture which is established within and is an integrated part of the organization's enterprise architecture;
(2) Accurately and completely describes the required security functionality and the allocation of security, compliance and resilience controls among physical and logical components; and
(3) Expresses how individual security functions, mechanisms and services work together to provide required security capabilities and a unified approach to protection."
TDA-05.1,Physical Diagnostic & Test Interfaces,Mechanisms exist to secure physical diagnostic and test interfaces to prevent misuse.
TDA-05.2,Diagnostic & Test Interface Monitoring,Mechanisms exist to enable endpoint devices to log events and generate alerts for attempts to access diagnostic and test interfaces.
TDA-06,Secure Software Development Practices (SSDP),Mechanisms exist to develop applications based on Secure Software Development Practices (SSDP).
TDA-06.1,Criticality Analysis During Development,"Mechanisms exist to require the developer of the Technology Asset, Application and/or Service (TAAS) to perform a criticality analysis at organization-defined decision points in the Secure Development Life Cycle (SDLC)."
TDA-06.2,Threat Modeling,"Mechanisms exist to perform threat modelling and other secure design techniques, to ensure that threats to software and solutions are identified and accounted for."
TDA-06.3,Software Assurance Maturity Model (SAMM),"Mechanisms exist to utilize a Software Assurance Maturity Model (SAMM) to govern a secure development lifecycle for the development of Technology Assets, Applications and/or Services (TAAS)."
TDA-06.4,Supporting Toolchain,"Automated mechanisms exist to improve the accuracy, consistency and comprehensiveness of secure practices throughout the asset's lifecycle."
TDA-06.5,Software Design Review,"Mechanisms exist to have an independent review of the software design to validate:
(1) Applicable security, compliance and resilience requirements are met; and
(2) Identified risks are remediated."
TDA-06.6,Software Design Root Cause Analysis,"Mechanisms exist to assess software design processes that includes:
(1) Conducting Root Cause Analysis (RCA) to identify the underlying causes of issues or failures;
(2) Developing actions to address the root cause of the issue or failure; and
(3) Implementing the actions and monitoring the implementation for effectiveness."
TDA-06.7,Programming Language Selection,"Mechanisms exist to:
(1) Define organization-approved programming language(s) for software development; and
(2) Document the justification for selection decisions."
TDA-07,Secure Development Environments,Mechanisms exist to maintain a segmented development network to ensure a secure development environment.
TDA-08,"Separation of Development, Testing and Operational Environments","Mechanisms exist to manage separate development, testing and operational environments to reduce the risks of unauthorized access or changes to the operational environment and to ensure no impact to production Technology Assets, Applications and/or Services (TAAS)."
TDA-08.1,Secure Migration Practices,"Mechanisms exist to ensure secure migration practices purge Technology Assets, Applications and/or Services (TAAS) of test/development/staging data and accounts before it is migrated into a production environment."
TDA-09,"Security, Compliance & Resilience Testing Throughout Development","Mechanisms exist to require system developers/integrators consult with security, compliance and/or resilience personnel to:
(1) Create and implement a Security Testing and Evaluation (ST&E) plan, or similar capability;
(2) Implement a verifiable flaw remediation process to correct weaknesses and deficiencies identified during the control testing and evaluation process; and
(3) Document the results."
TDA-09.1,Continuous Monitoring Plan,"Mechanisms exist to require the developers of Technology Assets, Applications and/or Services (TAAS) to produce a plan for the continuous monitoring of security, compliance and/or resilience control effectiveness."
TDA-09.2,Static Code Analysis,"Mechanisms exist to require the developers of Technology Assets, Applications and/or Services (TAAS) to employ static code analysis tools to identify and remediate common flaws and document the results of the analysis."
TDA-09.3,Dynamic Code Analysis,"Mechanisms exist to require the developers of Technology Assets, Applications and/or Services (TAAS) to employ dynamic code analysis tools to identify and remediate common flaws and document the results of the analysis."
TDA-09.4,Malformed Input Testing,"Mechanisms exist to utilize testing methods to ensure Technology Assets, Applications and/or Services (TAAS) continue to operate as intended when subject to invalid or unexpected inputs on its interfaces."
TDA-09.5,Application Penetration Testing,"Mechanisms exist to perform application-level penetration testing of custom-made Technology Assets, Applications and/or Services (TAAS)."
TDA-09.6,Secure Settings By Default,"Mechanisms exist to implement secure configuration settings by default to reduce the likelihood of Technology Assets, Applications and/or Services (TAAS) being deployed with weak security settings that would put the TAAS at a greater risk of compromise."
TDA-09.7,Manual Code Review,"Mechanisms exist to require the developers of Technology Assets, Applications and/or Services (TAAS) to employ a manual code review process to identify and remediate unique flaws that require knowledge of the application’s requirements and design."
TDA-10,Use of Live Data,"Mechanisms exist to approve, document and control the use of live data in development and test environments."
TDA-10.1,Test Data Integrity,"Mechanisms exist to ensure the integrity of test data through existing security, compliance and resilience controls."
TDA-11,Product Tampering and Counterfeiting (PTC),Mechanisms exist to maintain awareness of component authenticity by developing and implementing Product Tampering and Counterfeiting (PTC) practices that include the means to detect and prevent counterfeit components.
TDA-11.1,Anti-Counterfeit Training,"Mechanisms exist to train personnel to detect counterfeit system components, including hardware, software and firmware."
TDA-11.2,Component Disposal,"[deprecated - incorporated into AST-09]
Mechanisms exist to dispose of system components using organization-defined techniques and methods to prevent such components from entering the gray market."
TDA-12,Customized Development of Critical Components,"Mechanisms exist to custom-develop critical system components, when Commercial Off The Shelf (COTS) solutions are unavailable."
TDA-13,Developer Screening,"Mechanisms exist to ensure that the developers of Technology Assets, Applications and/or Services (TAAS) have the requisite skillset and appropriate access authorizations."
TDA-13.1,Developer Knowledge & Skills Register,Mechanisms exist to maintain a cybersecurity knowledge and skills register for developers.
TDA-13.2,Developer Training,"Mechanisms exist to ensure developers of Technology Assets, Applications and/or Services (TAAS) who lack the requisite skillset receive suitable training on Secure Software Development Practices (SSDP)."
TDA-14,Developer Configuration Management,"Mechanisms exist to require system developers and integrators to perform configuration management during system design, development, implementation and operation."
TDA-14.1,Software / Firmware Integrity Verification,"Mechanisms exist to require developers of Technology Assets, Applications and/or Services (TAAS) to enable integrity verification of software and firmware components."
TDA-14.2,Hardware Integrity Verification,"Mechanisms exist to require developers of Technology Assets, Applications and/or Services (TAAS) to enable integrity verification of hardware components."
TDA-15,Developer Threat Analysis & Flaw Remediation,"Mechanisms exist to require system developers and integrators to develop and implement an ongoing Security Testing and Evaluation (ST&E) plan, or similar process, to objectively identify and remediate vulnerabilities prior to release to production."
TDA-16,Developer-Provided Training,"Mechanisms exist to require the developers of Technology Assets, Applications and/or Services (TAAS) to provide training on the correct use and operation of the Technology Asset, Application and/or Service (TAAS)."
TDA-17,"Unsupported Technology Assets, Applications and/or Services (TAAS)","Mechanisms exist to prevent unsupported Technology Assets, Applications and/or Services (TAAS) by:
(1) Removing and/or replacing TAAS when support for the components is no longer available from the developer, vendor or manufacturer; and
(2) Requiring justification and documented approval for the continued use of unsupported TAAS required to satisfy mission/business needs."
TDA-17.1,Alternate Sources for Continued Support,"Mechanisms exist to provide in-house support or contract external providers for support with unsupported Technology Assets, Applications and/or Services (TAAS)."
TDA-18,Input Data Validation,Mechanisms exist to check the validity of information inputs.
TDA-19,Error Handling,"Mechanisms exist to handle error conditions by:
(1) Identifying potentially security-relevant error conditions;
(2) Generating error messages that provide information necessary for corrective actions without revealing sensitive or potentially harmful information in error logs and administrative messages that could be exploited; and
(3) Revealing error messages only to authorized personnel."
TDA-19.1,Designated Roles To View Error Messages,"Mechanisms exist to:
(1) Define personnel and/or role(s) authorized to receive security-relevant error messages; and
(2) Restrict access to error messages to authorized personnel and/or role(s)."
TDA-20,Access to Program Source Code,Mechanisms exist to limit privileges to change software resident within software libraries.
TDA-20.1,Software Release Integrity Verification,Mechanisms exist to publish integrity verification information for software releases.
TDA-20.2,Archiving Software Releases,"Mechanisms exist to archive software releases and all of their components (e.g., code, package files, third-party libraries, documentation) to maintain integrity verification information."
TDA-20.3,Software Escrow,Mechanisms exist to escrow source code and supporting documentation to ensure software availability in the event the software provider goes out of business or is unable to provide support.
TDA-20.4,Approved Code,Mechanisms exist to govern the approval of binaries and code for production use.
TDA-21,Product Conformity Governance,"Mechanisms exist to ensure developed Technology Assets, Applications and/or Services (TAAS) conform to applicable statutory and regulatory requirements, based on the product's and/or service's:
(1) Use case(s); and
(2) Geographic markets."
TDA-22,Technical Documentation Artifacts,"Mechanisms exist to generate appropriate technical documentation artifacts for Technology Assets, Applications and/or Services (TAAS) in sufficient detail to demonstrate conformity with applicable statutory, regulatory and contractual compliance requirements."
TDA-22.1,Product-Specific Risk Assessment Artifacts,"Mechanisms exist to include a detailed cybersecurity risk assessment in the technical documentation for Technology Assets, Applications and/or Services (TAAS) to demonstrate applicable risks in approved use cases."
TPM-01,Third-Party Management,Mechanisms exist to facilitate the implementation of third-party management controls.
TPM-01.1,Third-Party Inventories,"Mechanisms exist to maintain a current, accurate and complete list of External Service Providers (ESPs) that can potentially impact the Confidentiality, Integrity, Availability and/or Safety (CIAS) of the organization's Technology Assets, Applications, Services and/or Data (TAASD)."
TPM-02,Third-Party Criticality Assessments,"Mechanisms exist to identify, prioritize and assess suppliers and partners of critical Technology Assets, Applications and/or Services (TAAS) using a supply chain risk assessment process relative to their importance in supporting the delivery of high-value services."
TPM-03,Supply Chain Risk Management (SCRM),"Mechanisms exist to:
(1) Evaluate security risks and threats associated with Technology Assets, Applications and/or Services (TAAS) supply chains; and
(2) Take appropriate remediation actions to minimize the organization's exposure to those risks and threats, as necessary."
TPM-03.1,"Acquisition Strategies, Tools & Methods","Mechanisms exist to utilize tailored acquisition strategies, contract tools and procurement methods for the purchase of unique Technology Assets, Applications and/or Services (TAAS)."
TPM-03.2,Limit Potential Harm,Mechanisms exist to utilize security safeguards to limit harm from potential adversaries who identify and target the organization's supply chain.
TPM-03.3,Processes To Address Weaknesses or Deficiencies,Mechanisms exist to address identified weaknesses or deficiencies in the security of the supply chain
TPM-03.4,Adequate Supply,Mechanisms exist to develop and implement a spare parts strategy to ensure that an adequate supply of critical components is available to meet operational needs.
TPM-04,Third-Party Services,"Mechanisms exist to mitigate the risks associated with third-party access to the organization's Technology Assets, Applications, Services and/or Data (TAASD)."
TPM-04.1,Third-Party Risk Assessments & Approvals,"Mechanisms exist to conduct a risk assessment prior to the acquisition or outsourcing of technology-related Technology Assets, Applications and/or Services (TAAS)."
TPM-04.2,"External Connectivity Requirements - Identification of Ports, Protocols & Services","Mechanisms exist to require External Service Providers (ESPs) to identify and document the business need for ports, protocols and other services it requires to operate its Technology Assets, Applications and/or Services (TAAS)."
TPM-04.3,Conflict of Interests,Mechanisms exist to ensure that the interests of external service providers are consistent with and reflect organizational interests.
TPM-04.4,"Third-Party Processing, Storage and Service Locations",Mechanisms exist to restrict the location of information processing/storage based on business requirements.
TPM-05,Third-Party Contract Requirements,"Mechanisms exist to require contractual requirements for applicable security, compliance and resilience requirements with third-parties, reflecting the organization's needs to protect its Technology Assets, Applications, Services and/or Data (TAASD)."
TPM-05.1,Security Compromise Notification Agreements,"Mechanisms exist to compel External Service Providers (ESPs) to provide notification of actual or potential compromises in the supply chain that can potentially affect or have adversely affected Technology Assets, Applications and/or Services (TAAS) that the organization utilizes."
TPM-05.2,Contract Flow-Down Requirements,"Mechanisms exist to ensure applicable security, compliance and resilience requirements are included in contracts that flow-down to applicable sub-contractors and suppliers."
TPM-05.3,Third-Party Authentication Practices,Mechanisms exist to ensure External Service Providers (ESPs) use unique authentication factors for each of its customers.
TPM-05.4,"Responsible, Accountable, Supportive, Consulted & Informed (RASCI) Matrix","Mechanisms exist to document and maintain a Responsible, Accountable, Supportive, Consulted & Informed (RASCI) matrix, or similar documentation, to delineate assignment for security, compliance and resilience controls between internal stakeholders and External Service Providers (ESPs)."
TPM-05.5,Third-Party Scope Review,"Mechanisms exist to perform recurring validation of the Responsible, Accountable, Supportive, Consulted & Informed (RASCI) matrix, or similar documentation, to ensure security, compliance and resilience control assignments accurately reflect current:
(1) Contractual obligations for the External Service Provider (ESP);
(2) Business practices;
(3) Applicable stakeholders; and
(4) Deployed Technology Assets, Applications and/or Services (TAAS)."
TPM-05.6,First-Party Declaration (1PD),"Mechanisms exist to obtain a First-Party Declaration(1PD) from applicable External Service Providers (ESPs) that provides assurance of compliance with specified statutory, regulatory and contractual obligations for security, compliance and resilience controls, including any flow-down requirements to subcontractors."
TPM-05.7,Break Clauses,"Mechanisms exist to include ""break clauses"" within contracts for failure to meet contract criteria for security, compliance and/or resilience controls."
TPM-05.8,Third-Party Attestation (3PA),"Mechanisms exist to obtain an attestation from an independent Third-Party Assessment Organization (3PAO) that provides assurance of conformity with specified statutory, regulatory and contractual obligations for security, compliance and resilience controls, including any flow-down requirements to contractors and subcontractors."
TPM-06,Third-Party Personnel Security,Mechanisms exist to control personnel security requirements including security roles and responsibilities for third-party providers.
TPM-07,Monitoring for Third-Party Information Disclosure,Mechanisms exist to monitor for evidence of unauthorized exfiltration or disclosure of organizational information.
TPM-08,Review of Third-Party Services,"Mechanisms exist to monitor, regularly review and assess External Service Providers (ESPs) for compliance with established contractual requirements for security, compliance and resilience controls."
TPM-09,Third-Party Deficiency Remediation,Mechanisms exist to address weaknesses or deficiencies in supply chain elements identified during independent or organizational assessments of such elements.
TPM-10,Managing Changes To Third-Party Services,"Mechanisms exist to control changes to services by suppliers, taking into account the criticality of business Technology Assets, Applications, Services and/or Data (TAASD) that are in scope by the third-party."
TPM-11,Third-Party Incident Response & Recovery Capabilities,Mechanisms exist to ensure response/recovery planning and testing are conducted with critical suppliers/providers.
TPM-12,"Foreign Ownership, Control or Influence (FOCI)","Mechanisms exist to minimize risk associated with Foreign Ownership, Control or Influence (FOCI) through Supply Chain Risk Management (SCRM) practices."
TPM-12.1,Ownership Change Monitoring,"Mechanisms exist to periodically review External Service Providers (ESP) for changes that affect Foreign Ownership, Control or Influence (FOCI)."
TPM-12.2,Ownership Change Provisions,"Mechanisms exist to contractually impose safeguards (e.g., additional controls, access modification, contract termination, etc.) from Foreign Ownership, Control or Influence (FOCI) concerns to ensure that:
(1) Unauthorized access to sensitive and/or regulated data is prevented; and
(2) Performance of contracts is not adversely affected."
THR-01,Threat Intelligence Program,"Mechanisms exist to implement a threat intelligence program that includes a cross-organization information-sharing capability that can influence the development of the system and security architectures, selection of security solutions, monitoring, threat hunting, response and recovery activities."
THR-01.1,Dynamic Threat Awareness,Mechanisms exist to determine and maintain ongoing awareness of the current cyber threat environment.
THR-01.2,Predictive Cyber Analytics,"Mechanisms exist to employ advanced automation and analytics capabilities to predict and identify risks to Technology Assets, Applications, Services and/or Data (TAASD)."
THR-02,Indicators of Exposure (IOE),Mechanisms exist to develop Indicators of Exposure (IOE) to understand the potential attack vectors that attackers could use to attack the organization.
THR-03,Threat Intelligence Feeds,"Mechanisms exist to maintain situational awareness of vulnerabilities and evolving threats by leveraging the knowledge of attacker tactics, techniques and procedures to facilitate the implementation of preventative and compensating controls."
THR-03.1,Threat Intelligence Reporting,"Mechanisms exist to utilize external threat intelligence feeds to generate and disseminate organization-specific security alerts, advisories and/or directives."
THR-04,Insider Threat Program,Mechanisms exist to implement an insider threat program that includes a cross-discipline insider threat incident handling team.
THR-05,Insider Threat Awareness,Mechanisms exist to utilize security awareness training on recognizing and reporting potential indicators of insider threat.
THR-06,Vulnerability Disclosure Program (VDP),"Mechanisms exist to establish a Vulnerability Disclosure Program (VDP) to assist with the secure development and maintenance of Technology Assets, Applications and/or Services (TAAS) that receives unsolicited input from the public about vulnerabilities in organizational TAAS."
THR-06.1,Security Disclosure Contact Information,Mechanisms exist to enable public submissions of discovered or potential security vulnerabilities.
THR-07,Threat Hunting,"Mechanisms exist to perform cyber threat hunting that uses Indicators of Compromise (IoC) to detect, track and disrupt threats that evade existing security controls."
THR-08,Tainting,Mechanisms exist to embed false data or steganographic data in files to enable the organization to determine if data has been exfiltrated and provide a means to identify the individual(s) involved.
THR-09,Threat Catalog,"Mechanisms exist to develop and keep current a catalog of applicable internal and external threats to the organization, both natural and manmade."
THR-10,Threat Analysis,"Mechanisms exist to identify, assess, prioritize and document the potential impact(s) and likelihood(s) of applicable internal and external threats."
THR-11,Behavioral Baselining,Automated mechanisms exist to establish behavioral baselines that capture information about user and entity behavior to enable dynamic threat discovery.
VPM-01,Vulnerability & Patch Management Program (VPMP),Mechanisms exist to facilitate the implementation and monitoring of vulnerability management controls.
VPM-01.1,Attack Surface Scope,Mechanisms exist to define and manage the scope for its attack surface management activities.
VPM-02,Vulnerability Remediation Process,"Mechanisms exist to ensure that vulnerabilities are properly identified, tracked and remediated."
VPM-02.1,Known Exploited Vulnerabilities (KEV) Mitigations,"Mechanisms exist to prioritize remediation and mitigation of Known Exploited Vulnerabilities (KEV) by:
(1) Reducing or removing public exposure to exploitation; and
(2) Expediting patch deployment actions."
VPM-03,Vulnerability Ranking,Mechanisms exist to identify and assign a risk ranking to newly discovered security vulnerabilities using reputable outside sources for security vulnerability information.
VPM-03.1,Vulnerability Exploitation Analysis,"Mechanisms exist to identify, assess, prioritize and document the potential impact(s) and likelihood(s) of applicable internal and external threats exploiting known vulnerabilities."
VPM-04,Continuous Vulnerability Remediation Activities,Mechanisms exist to address new threats and vulnerabilities on an ongoing basis and ensure assets are protected against known attacks.
VPM-04.1,Stable Versions,Mechanisms exist to install the latest stable version of any software and/or security-related updates on all applicable systems.
VPM-04.2,Flaw Remediation with Personal Data (PD),"Mechanisms exist to identify and correct flaws related to the collection, usage, processing or dissemination of Personal Data (PD)."
VPM-04.3,Deferred Patching Decisions,Mechanisms exist to facilitate the deferral of software and/or firmware patches when the disadvantages of applying the patch outweighs the benefits.
VPM-05,Software & Firmware Patching,"Mechanisms exist to conduct software patching for all deployed Technology Assets, Applications and/or Services (TAAS), including firmware."
VPM-05.1,Centralized Management of Flaw Remediation Processes,Mechanisms exist to centrally-manage the flaw remediation process.
VPM-05.2,Automated Remediation Status,Automated mechanisms exist to determine the state of system components with regard to flaw remediation.
VPM-05.3,Time To Remediate / Benchmarks For Corrective Action,Mechanisms exist to track the effectiveness of remediation operations through metrics reporting.
VPM-05.4,Automated Software & Firmware Updates,Automated mechanisms exist to install the latest stable versions of security-relevant software and firmware updates.
VPM-05.5,Removal of Previous Versions,Mechanisms exist to remove old versions of software and firmware components after updated versions have been installed.
VPM-05.6,Pre-Deployment Patch Testing,Mechanisms exist to perform due diligence on software and/or firmware update stability by conducting pre-production testing in a non-production environment.
VPM-05.7,Out-of-Cycle Patching,Mechanisms exist to perform out-of-cycle software and/or firmware updates to address time-sensitive remediations.
VPM-05.8,Software Patch Integrity,"Mechanisms exist to ensure software and/or firmware patches are:
(1) Obtained from trusted sources; and
(2) Checked for integrity."
VPM-06,Vulnerability Scanning,Mechanisms exist to detect vulnerabilities and configuration errors by routine vulnerability scanning of systems and applications.
VPM-06.1,Update Tool Capability,Mechanisms exist to update vulnerability scanning tools.
VPM-06.2,Breadth / Depth of Coverage,Mechanisms exist to identify the breadth and depth of coverage for vulnerability scanning that define the system components scanned and types of vulnerabilities that are checked for.
VPM-06.3,Privileged Access,Mechanisms exist to implement privileged access authorization for selected vulnerability scanning activities.
VPM-06.4,Trend Analysis,Automated mechanisms exist to compare the results of vulnerability scans over time to determine trends in system vulnerabilities.
VPM-06.5,Review Historical Event logs,Mechanisms exist to review historical event logs to determine if identified vulnerabilities have been previously exploited.
VPM-06.6,External Vulnerability Assessment Scans,"Mechanisms exist to perform quarterly external vulnerability scans (outside the organization's network looking inward) via a reputable vulnerability service provider, which include rescans until passing results are obtained or all “high” vulnerabilities are resolved, as defined by the Common Vulnerability Scoring System (CVSS)."
VPM-06.7,Internal Vulnerability Assessment Scans,"Mechanisms exist to perform quarterly internal vulnerability scans, which includes all segments of the organization's internal network, as well as rescans until passing results are obtained or all “high” vulnerabilities are resolved, as defined by the Common Vulnerability Scoring System (CVSS)."
VPM-06.8,Acceptable Discoverable Information,"Mechanisms exist to define what information is allowed to be discoverable by adversaries and take corrective actions to remediate non-compliant Technology Assets, Applications and/or Services (TAAS)."
VPM-06.9,Correlate Scanning Information,Automated mechanisms exist to correlate the output from vulnerability scanning tools to determine the presence of multi-vulnerability/multi-hop attack vectors.
VPM-07,Penetration Testing,"Mechanisms exist to conduct penetration testing on Technology Assets, Applications and/or Services (TAAS)."
VPM-07.1,Independent Penetration Agent or Team,Mechanisms exist to utilize an independent assessor or penetration team to perform penetration testing.
VPM-08,Technical Surveillance Countermeasures Security,Mechanisms exist to utilize a technical surveillance countermeasures survey.
VPM-09,Reviewing Vulnerability Scanner Usage,Mechanisms exist to monitor logs associated with scanning activities and associated administrator accounts to ensure that those activities are limited to the timeframes of legitimate scans.
VPM-10,Red Team Exercises,"Mechanisms exist to utilize ""red team"" exercises to simulate attempts by adversaries to compromise Technology Assets, Applications and/or Services (TAAS) in accordance with organization-defined rules of engagement."
WEB-01,Web Security,"Mechanisms exist to facilitate the implementation of an enterprise-wide web management policy, as well as associated standards, controls and procedures."
WEB-01.1,Unauthorized Code,Mechanisms exist to prevent unauthorized code from being present in a secure page as it is rendered in a client’s browser.
WEB-02,Use of Demilitarized Zones (DMZ),"Mechanisms exist to utilize a Demilitarized Zone (DMZ) to restrict inbound traffic to authorized Technology Assets, Applications and/or Services (TAAS) on certain services, protocols and ports."
WEB-03,Web Application Firewall (WAF),Mechanisms exist to deploy Web Application Firewalls (WAFs) to provide defense-in-depth protection for application-specific threats.
WEB-04,Client-Facing Web Services,"Mechanisms exist to deploy reasonably-expected security, compliance and resilience controls to protect the confidentiality and availability of client data that is stored, transmitted or processed by the Internet-based service."
WEB-05,Cookie Management,"Mechanisms exist to provide individuals with clear and precise information about cookies, in accordance with applicable legal requirements for cookie management."
WEB-06,Strong Customer Authentication (SCA),Mechanisms exist to implement Strong Customer Authentication (SCA) for consumers to reasonably prove their identity.
WEB-07,Web Security Standard,Mechanisms exist to ensure the Open Web Application Security Project (OWASP) Application Security Verification Standard is incorporated into the organization's Secure Systems Development Lifecycle (SSDLC) process.
WEB-08,Web Application Framework,"Mechanisms exist to use a robust Web Application Framework to support the development of secure web applications, including web services, web resources and web Application Programming Interfaces (APIs)."
WEB-09,Validation & Sanitization,Mechanisms exist to ensure all input handled by a web application is validated and/or sanitized.
WEB-10,Secure Web Traffic,"Mechanisms exist to ensure all web application content is delivered using cryptographic mechanisms (e.g., TLS)."
WEB-11,Output Encoding,Mechanisms exist to ensure output encoding is performed on all content produced by a web application to reduce the likelihood of cross-site scripting and other injection attacks.
WEB-12,Web Browser Security,"Mechanisms exist to ensure web applications implement Content-Security-Policy, HSTS and X-Frame-Options response headers to protect both the web application and its users."
WEB-13,Website Change Detection,"Mechanisms exist to detect and respond to Indicators of Compromise (IoC) for unauthorized alterations, additions, deletions or changes on websites that store, process and/or transmit sensitive and/or regulated data."
WEB-14,Publicly Accessible Content Reviews,"Mechanisms exist to routinely review the content on publicly accessible systems for sensitive and/or regulated data and remove such information, if discovered."
